Datetime,y_hat,y_true,ci_low,ci_high,y_pred_var,var_model,adm1_name
2022-10-05,0.39603934206846586,0.3740621566772461,0.33943801142051383,0.45556965568807395,0.2438041231240151,0.003442453158332556,Borkou
2022-10-12,0.36986070340492516,0.3751334381103515,0.31496900723328786,0.42833708313631247,0.24417539472129926,0.003442453158332556,Borkou
2022-10-19,0.3733411732990141,0.391678924560547,0.31823408356172017,0.4319449905310922,0.24398956289975443,0.003442453158332556,Borkou
2022-10-26,0.3831449900155673,0.40994167327880854,0.3273986952720033,0.44214357017711703,0.24375353650556159,0.003442453158332556,Borkou
2022-11-02,0.39949142453364433,0.4172367804391043,0.34274527843707303,0.4590705056370686,0.2434994820991275,0.003442453158332556,Borkou
2022-11-09,0.3998988275170745,0.4041358130318778,0.3431231856950483,0.45949734714193397,0.24352030109613873,0.003442453158332556,Borkou
2022-11-16,0.46117005297047853,0.4176452364240374,0.40165329115778636,0.5218148345272103,0.24294793940689602,0.003442453158332556,Borkou
2022-11-23,0.47435158016694756,0.4173945726667131,0.4144547274858426,0.534995720387438,0.2428959474135798,0.003442453158332556,Borkou
2022-11-30,0.4891435180579969,0.4111903108869279,0.4289170525931023,0.5496868216153102,0.24283816225931013,0.003442453158332556,Borkou
2022-12-07,0.5144241077107797,0.41246804373604906,0.45387740868496873,0.5745503752453792,0.24272878431103115,0.003442453158332556,Borkou
2022-12-14,0.523476502926523,0.43290012904575903,0.46288768439855815,0.5833821306772282,0.24269789514466628,0.003442453158332556,Borkou
2022-12-21,0.5301086596586158,0.4576010404314314,0.4695137537216705,0.5898287517213104,0.2426769656812806,0.003442453158332556,Borkou
2022-12-28,0.5336551597346191,0.4858510644095284,0.4730650685072533,0.5932683340735114,0.24266862772512232,0.003442453158332556,Borkou
2023-01-04,0.5388785785316493,0.5094348580496653,0.4783050222062919,0.5983253385431445,0.24266331095697316,0.003442453158332556,Borkou
2023-01-11,0.5423972630657767,0.5208836201259067,0.4818420226237159,0.6017251426351474,0.24266113449193905,0.003442453158332556,Borkou
2023-01-18,0.5670204735533563,0.5374889755249022,0.506756303043688,0.625364957297091,0.24267811057992184,0.003442453158332556,Borkou
2023-01-25,0.5767045528099297,0.5449413572038923,0.5166350022519792,0.6345890075303963,0.24269512700652696,0.003442453158332556,Borkou
2023-02-01,0.5793599670048977,0.5748713575090681,0.5193524315915221,0.637110489240929,0.24269813352572162,0.003442453158332556,Borkou
2023-02-08,0.5576839132840928,0.6114034380231584,0.49727766323631317,0.6164304688751833,0.24265703807940087,0.003442453158332556,Borkou
2023-02-15,0.5466339702098197,0.6243460954938617,0.4861092629251368,0.6058107369876493,0.2426568573794667,0.003442453158332556,Borkou
2023-02-22,0.541419863861366,0.6392544065202985,0.48085866819745776,0.6007815873413913,0.24266277484944168,0.003442453158332556,Borkou
2023-03-01,0.5225606101599515,0.6487056950160435,0.46197796389050444,0.5824866730192673,0.24268608372233963,0.003442453158332556,Borkou
2023-03-08,0.5301728077130557,0.6678504725864955,0.46957703670505563,0.5898918897128987,0.24268041918594835,0.003442453158332556,Borkou
2023-03-15,0.534243384282628,0.6695868682861328,0.4736501073618386,0.5938426892615105,0.24268560484891552,0.003442453158332556,Borkou
2023-03-22,0.5457685047152756,0.6824691554478236,0.48522693766429087,0.604986288717294,0.24269738588368747,0.003442453158332556,Borkou
2023-03-29,0.5593700648316358,0.6796172332763672,0.4989719989859674,0.6180604208621975,0.24271790230708906,0.003442453158332556,Borkou
2023-04-05,0.5749381201430969,0.6795249176025392,0.5148170650587968,0.63292127249075,0.2427420410589487,0.003442453158332556,Borkou
2023-04-12,0.5859670305997782,0.6710599844796317,0.5261209605468714,0.6433781752659117,0.24273886811621584,0.003442453158332556,Borkou
2023-04-19,0.5941319691335676,0.6575561196463449,0.5345342256094573,0.6510799468209784,0.24271621356019546,0.003442453158332556,Borkou
2023-04-26,0.6079400011412393,0.6385081536429269,0.5488294615506507,0.6640466875362768,0.24271895187960274,0.003442453158332556,Borkou
2023-05-03,0.613247137241445,0.6232709394182477,0.5543534618749931,0.6690049122502141,0.2427057447094776,0.003442453158332556,Borkou
2023-05-10,0.6331728014290481,0.6254442105974469,0.5751980814391715,0.6875335412157974,0.2427609997089869,0.003442453158332556,Borkou
2023-05-17,0.5949195083221789,0.643180525643485,0.5353278955716598,0.6518391412953719,0.24279288102936708,0.003442453158332556,Borkou
2023-05-24,0.5876425101473959,0.6413390513828823,0.5277918114688318,0.6450095640406508,0.24294617637427465,0.003442453158332556,Borkou
2023-05-31,0.5758643391012468,0.6318171201433455,0.5156551522300081,0.6339027212392733,0.2431776675287607,0.003442453158332556,Borkou
2023-06-07,0.5795866623008428,0.622747050694057,0.5194319555934166,0.6374669236079699,0.24330984223069796,0.003442453158332556,Borkou
2023-06-14,0.5918830692306474,0.6211913463047573,0.5320596296653431,0.6491024000617862,0.24334067390404257,0.003442453158332556,Borkou
2023-06-21,0.6213101458202837,0.6014829581124442,0.56263966357957,0.676633566588696,0.2432308732804692,0.003442453158332556,Borkou
2023-06-28,0.6176207743041349,0.6205101830618722,0.5587704107331549,0.6732123507999889,0.2432884577245844,0.003442453158332556,Borkou
2023-07-05,0.6165085166907254,0.6327133560180666,0.5576079170125273,0.6721774572976539,0.24329522106226606,0.003442453158332556,Borkou
2023-07-12,0.6321301437756898,0.6638490840366907,0.573998395767435,0.6866596244182812,0.24318258316911448,0.003442453158332556,Borkou
2023-07-19,0.6655937367920871,0.6838617161342075,0.6095095121541925,0.7173581729614291,0.24307192365751243,0.003442453158332556,Borkou
2023-07-26,0.6434238039431047,0.6997823224748884,0.5859480472426395,0.697046257800907,0.24301598717794395,0.003442453158332556,Borkou
2023-08-02,0.6235872553281561,0.6960340336390904,0.5650880759370356,0.6786919010438518,0.2429643647572434,0.003442453158332556,Borkou
2023-08-09,0.6248580848688473,0.6888115910121373,0.566427407306065,0.67986481987191,0.24293047459573353,0.003442453158332556,Borkou
2023-08-16,0.6119303366086369,0.6672258104596819,0.5529183528590149,0.6678325023427162,0.2429644657571005,0.003442453158332556,Borkou
2023-08-23,0.6053196383020942,0.6775942884172712,0.5460421622043524,0.6616529370934311,0.24298855238426662,0.003442453158332556,Borkou
2023-08-30,0.5962664249407197,0.6865508161272321,0.5366599352250414,0.6531606542639621,0.24302903562144543,0.003442453158332556,Borkou
2023-09-06,0.587592021399952,0.6789236777169363,0.5277076302361036,0.6449914886489487,0.24307558877442922,0.003442453158332556,Borkou
2023-09-13,0.5790454901787355,0.6748078264508929,0.5189228048076334,0.6369117399158527,0.2431288785454665,0.003442453158332556,Borkou
2023-09-20,0.5704826784804589,0.6910475703648159,0.5101563908474281,0.6287855473362504,0.24318958446852976,0.003442453158332556,Borkou
2023-09-27,0.5565079208483112,0.6816869899204799,0.4959242715288208,0.6154562271261591,0.2433047372036444,0.003442453158332556,Borkou
2023-10-04,0.5414715560263309,0.6722247096470424,0.4807140537126102,0.6010203779305048,0.2434502874334229,0.003442453158332556,Borkou
2023-10-11,0.5535280802922085,0.6680006299700055,0.4929018027525512,0.6126028958610951,0.24333067117585766,0.003442453158332556,Borkou
2023-10-18,0.5448088856491732,0.6632679966517857,0.48408108390146165,0.6042326092890082,0.24341489471102767,0.003442453158332556,Borkou
2023-10-25,0.5588558605867743,0.6694614410400391,0.49830971152202563,0.617700886822118,0.24328109852783997,0.003442453158332556,Borkou
2023-11-01,0.5527867588894362,0.688246819632394,0.49215107152241006,0.6118919349994109,0.24333508219971786,0.003442453158332556,Borkou
2023-11-08,0.5766788267417405,0.698591057913644,0.5164978796740143,0.6346674569412516,0.243138836534218,0.003442453158332556,Borkou
2023-11-15,0.5775321103818395,0.7085204315185546,0.5173725674126258,0.6354762352664179,0.2431323468653002,0.003442453158332556,Borkou
2023-11-22,0.608356409682837,0.7103179168701172,0.5492004352763429,0.6644919325292296,0.2429680426620867,0.003442453158332556,Borkou
2023-11-29,0.6156572052231534,0.7157887595040459,0.556806592934845,0.671306312636383,0.24294378436416583,0.003442453158332556,Borkou
2023-12-06,0.5981835932403167,0.7222690037318638,0.538645566838848,0.6549599682866188,0.24301123815369388,0.003442453158332556,Borkou
2023-12-13,0.5881477854609835,0.7356644657679966,0.5282820802480969,0.645514020378258,0.24306446505914867,0.003442453158332556,Borkou
2022-10-05,0.43847349083565546,0.3893321228027344,0.3797620152865376,0.49895980463014744,0.2431988411263558,0.003442453158332556,Kanem
2022-10-12,0.4118975023710072,0.3814495304652622,0.35442458217008693,0.4718779699352862,0.2435197499939399,0.003442453158332556,Kanem
2022-10-19,0.4162714103881978,0.3792399869646345,0.3585842971714775,0.4763468403099448,0.24341534347569124,0.003442453158332556,Kanem
2022-10-26,0.4270059403895032,0.38217249189104346,0.3688071626188465,0.4872983982836941,0.24326008449596484,0.003442453158332556,Kanem
2022-11-02,0.44426964285714304,0.3860995483398437,0.3853429866307759,0.5048067386887493,0.2430790727167159,0.003442453158332556,Kanem
2022-11-09,0.44495499961144214,0.38459036145891456,0.38599723846348016,0.5055040604690496,0.2430931708974368,0.003442453158332556,Kanem
2022-11-16,0.5074527384096968,0.41627823420933313,0.44698529974977813,0.5677029158231016,0.2426720379581837,0.003442453158332556,Kanem
2022-11-23,0.5207557599343247,0.4501864242553711,0.4601977022382451,0.5807099123107824,0.24261755035267804,0.003442453158332556,Kanem
2022-11-30,0.5355713473629814,0.4844904926845005,0.475010889528148,0.5951006736170399,0.2425659612696272,0.003442453158332556,Kanem
2022-12-07,0.5606709228376282,0.5024891553606305,0.5003441205385851,0.6192566607787264,0.24250892217924094,0.003442453158332556,Kanem
2022-12-14,0.5696658035456152,0.5224790355137416,0.5094950951510413,0.627846801279208,0.24250282425283418,0.003442453158332556,Kanem
2022-12-21,0.5763008170462942,0.5448653575352259,0.5162678204264061,0.6341629296033587,0.2425117898255251,0.003442453158332556,Kanem
2022-12-28,0.5799002843693141,0.5765932301112584,0.5199483517924973,0.6375837766956115,0.24252827937138177,0.003442453158332556,Kanem
2023-01-04,0.5851053199279102,0.588064913068499,0.5252830936056546,0.6425193312699135,0.2425484566776823,0.003442453158332556,Kanem
2023-01-11,0.5886052665242998,0.6262305995396206,0.5288789729721649,0.6458303031494461,0.2425580051084185,0.003442453158332556,Kanem
2023-01-18,0.6125623034796808,0.6562025015694753,0.5536567598985414,0.6683506076757619,0.24263892942580045,0.003442453158332556,Kanem
2023-01-25,0.6219397535241035,0.65067138671875,0.563434722448784,0.6770976956979377,0.242676091651387,0.003442453158332556,Kanem
2023-02-01,0.6245256589664142,0.6620999690464565,0.5661402466150741,0.6795019823263747,0.24268177981372915,0.003442453158332556,Kanem
2023-02-08,0.6036253576009318,0.6868873705182758,0.5443858357369186,0.6599734445581661,0.2425819739560718,0.003442453158332556,Kanem
2023-02-15,0.592953250993686,0.6833031790597098,0.5333571629033008,0.6499337251255368,0.24256038313298622,0.003442453158332556,Kanem
2023-02-22,0.5879518519040389,0.6753529030936105,0.5282047210852384,0.6452148412508854,0.24256607569439934,0.003442453158332556,Kanem
2023-03-01,0.5695312757766509,0.6720642525809152,0.5093449691173761,0.6277307211319175,0.24255479817817502,0.003442453158332556,Kanem
2023-03-08,0.5770149461749308,0.6919005257742745,0.5169799977041057,0.6348583471388435,0.24258520556326274,0.003442453158332556,Kanem
2023-03-15,0.5810126144366413,0.687029767717634,0.521067191746618,0.6386580923666355,0.24261296700058288,0.003442453158332556,Kanem
2023-03-22,0.5922829562211221,0.6915652465820312,0.5326412640637168,0.6493244628504882,0.24266006054375572,0.003442453158332556,Kanem
2023-03-29,0.6055063743098968,0.6980454799107143,0.5463047002799211,0.6617658003844245,0.24271105560046624,0.003442453158332556,Kanem
2023-04-05,0.6205543988333421,0.6873564692905971,0.5619660647513711,0.6758268185713482,0.24275694707385964,0.003442453158332556,Kanem
2023-04-12,0.6311792574079088,0.6659328024727957,0.5731052512604066,0.6856858155434542,0.2427472816189392,0.003442453158332556,Kanem
2023-04-19,0.6390454446559757,0.6463302503313338,0.5814007255794921,0.6929443839918583,0.2426973458627882,0.003442453158332556,Kanem
2023-04-26,0.6522571993089253,0.6521622903006418,0.5953909308240258,0.7050899087535084,0.24267895681594578,0.003442453158332556,Kanem
2023-05-03,0.6573162055668935,0.6519128744942801,0.6007862299957613,0.7097091644264991,0.24261490696465193,0.003442453158332556,Kanem
2023-05-10,0.6761717960152258,0.6527357809884207,0.6209485554520138,0.7268882649538059,0.24265773574444352,0.003442453158332556,Kanem
2023-05-17,0.6398460217702364,0.6608664921351842,0.5822900573495449,0.693643858196387,0.2425144697547583,0.003442453158332556,Kanem
2023-05-24,0.6328470667263931,0.6608151136125837,0.5748990767506614,0.687193847185496,0.24258241953947235,0.003442453158332556,Kanem
2023-05-31,0.6214379445720632,0.6544809940883091,0.5628986629380146,0.6766409668908936,0.24272149140742888,0.003442453158332556,Kanem
2023-06-07,0.6248414337863449,0.6501872525896345,0.5664395898869437,0.6798231011660009,0.24280983530293324,0.003442453158332556,Kanem
2023-06-14,0.6363801331282083,0.6579200853620257,0.5785582566169618,0.6905125203755079,0.24282938904846954,0.003442453158332556,Kanem
2023-06-21,0.6641124523387562,0.6396967097691127,0.6079978084216987,0.7159472003460623,0.24277121984904587,0.003442453158332556,Kanem
2023-06-28,0.6603031378636616,0.62601500919887,0.6039258457669155,0.7124761892562302,0.24279542480493102,0.003442453158332556,Kanem
2023-07-05,0.6589848588540723,0.6388892636980328,0.6025216887607346,0.7112708127235783,0.24279038683675078,0.003442453158332556,Kanem
2023-07-12,0.6736182926967087,0.6528876168387276,0.6181870998155745,0.7245873135443239,0.24273557783584707,0.003442453158332556,Kanem
2023-07-19,0.7049815853009231,0.6545094299316406,0.6521204949056816,0.7528544772148845,0.24276072232820367,0.003442453158332556,Kanem
2023-07-26,0.6840988640687351,0.6564370618547711,0.6294846920793241,0.7340637986411472,0.24266636683666976,0.003442453158332556,Kanem
2023-08-02,0.6651961533889617,0.6476845986502511,0.6091978514962035,0.716899275155002,0.2425954604421975,0.003442453158332556,Kanem
2023-08-09,0.6661785706366331,0.635022076198033,0.6102519183747792,0.7177912686986576,0.2425802843053132,0.003442453158332556,Kanem
2023-08-16,0.6536527155458314,0.6189473506382533,0.596900524760728,0.7063456507074919,0.24256710445451235,0.003442453158332556,Kanem
2023-08-23,0.6471745376506686,0.6182392011369977,0.5900268714683862,0.7004011007664666,0.24256606558969374,0.003442453158332556,Kanem
2023-08-30,0.6384418255755684,0.6272835377284459,0.5807937636115516,0.6923614299607727,0.24257489039552593,0.003442453158332556,Kanem
2023-09-06,0.6301607883986244,0.6224058369227816,0.5720727542440049,0.6847095239641078,0.24259367710942586,0.003442453158332556,Kanem
2023-09-13,0.6220861542015673,0.6255699103219169,0.563601021592774,0.6772221435798406,0.24262266660998916,0.003442453158332556,Kanem
2023-09-20,0.6140619353791583,0.6345083127702986,0.5552130750059728,0.6697558854351032,0.24266228103141502,0.003442453158332556,Kanem
2023-09-27,0.6008459243457128,0.6317357798985073,0.5414664857785991,0.6574011744575657,0.24274325062242924,0.003442453158332556,Kanem
2023-10-04,0.5866060547039027,0.6252332741873605,0.5267483890336517,0.6440094361809282,0.2428566769218184,0.003442453158332556,Kanem
2023-10-11,0.5987857656971568,0.632961344037737,0.5393237351631176,0.6554756150908998,0.24278788450633218,0.003442453158332556,Kanem
2023-10-18,0.5906461935790128,0.6505389840262277,0.5309050013906909,0.6478260287956634,0.24285954990849531,0.003442453158332556,Kanem
2023-10-25,0.6045353250288894,0.6506473214285714,0.545281773858348,0.6608697559514808,0.24277390589456463,0.003442453158332556,Kanem
2023-11-01,0.5987819485951461,0.6444207491193499,0.5393127125378527,0.6554784577241354,0.24281636075854965,0.003442453158332556,Kanem
2023-11-08,0.6219805225561904,0.653128444126674,0.5634740794813209,0.6771385312130965,0.2426894789814693,0.003442453158332556,Kanem
2023-11-15,0.6228533055491853,0.662266137259347,0.5643878889636985,0.6779494139594218,0.24268723702730385,0.003442453158332556,Kanem
2023-11-22,0.6523921671748295,0.6723539406912666,0.5955508091493948,0.705199375561531,0.24261034920846752,0.003442453158332556,Kanem
2023-11-29,0.6593585715852439,0.6645916094098773,0.6029637709775973,0.7115747736527681,0.24260752664192473,0.003442453158332556,Kanem
2023-12-06,0.6427466275313084,0.6552882058279855,0.5853266646306758,0.6963404792466156,0.24262631646959895,0.003442453158332556,Kanem
2023-12-13,0.6331761805510658,0.6552162497384207,0.575228117283286,0.6875133837368482,0.24265262337318919,0.003442453158332556,Kanem
2022-10-05,0.2779212030953134,0.3110165786743164,0.23157339405613775,0.3295667831977667,0.24465155666209268,0.003442453158332556,Ndjamzna
2022-10-12,0.257025814843074,0.31430366788591657,0.2130598681345997,0.30653037845338127,0.24509420359125164,0.003442453158332556,Ndjamzna
2022-10-19,0.2613844029395137,0.3041569055829729,0.21689932584206556,0.3113655356959645,0.24504246570938248,0.003442453158332556,Ndjamzna
2022-10-26,0.2710074505795143,0.2969990948268345,0.2254043211216512,0.3220014762721015,0.24492821795195496,0.003442453158332556,Ndjamzna
2022-11-02,0.2861441601015501,0.2927610152108328,0.2388568861515192,0.3386281214307295,0.24477153363935586,0.003442453158332556,Ndjamzna
2022-11-09,0.28769871542747116,0.2887029075622558,0.24021567738144622,0.34036301849100437,0.24491026260612458,0.003442453158332556,Ndjamzna
2022-11-16,0.34259403996592347,0.3074896376473562,0.28985571826935796,0.3995294330499339,0.2443293491298239,0.003442453158332556,Ndjamzna
2022-11-23,0.35532610955851945,0.3384471239362444,0.30152561844461834,0.41304934360815226,0.2443349126853448,0.003442453158332556,Ndjamzna
2022-11-30,0.3695173294915196,0.3488970947265625,0.3146216103723618,0.4280098255109856,0.24431236893552422,0.003442453158332556,Ndjamzna
2022-12-07,0.39374096212974674,0.3485419464111328,0.33719872957230357,0.45328031453643636,0.2441886303552231,0.003442453158332556,Ndjamzna
2022-12-14,0.4027107002106796,0.3586361367361886,0.34562167951238754,0.4625638396659972,0.24415774426423156,0.003442453158332556,Ndjamzna
2022-12-21,0.4093918063889655,0.3731217139107841,0.35191999911837146,0.469450576201493,0.244130089087335,0.003442453158332556,Ndjamzna
2022-12-28,0.41311876557934046,0.3845077405657087,0.35544118607482234,0.4732833627617903,0.2441189244171514,0.003442453158332556,Ndjamzna
2023-01-04,0.4185625695353664,0.39180094582693914,0.36059331319097765,0.4788715822094163,0.24411294934339794,0.003442453158332556,Ndjamzna
2023-01-11,0.42243614244259786,0.3873765618460519,0.3642631322054477,0.48284344129830814,0.2441275317826277,0.003442453158332556,Ndjamzna
2023-01-18,0.4473408160413182,0.3962023653302874,0.38804766302799665,0.5081704528055687,0.24410547221224954,0.003442453158332556,Ndjamzna
2023-01-25,0.4574504527387472,0.4019628252301897,0.3977782658070742,0.5183690566847471,0.2441201439941273,0.003442453158332556,Ndjamzna
2023-02-01,0.46037647634980794,0.40797321864536834,0.4006011940279932,0.5213136977960595,0.244133622626587,0.003442453158332556,Ndjamzna
2023-02-08,0.43873591136770856,0.41366333007812495,0.3797839897492995,0.4994693559008854,0.24417130036652107,0.003442453158332556,Ndjamzna
2023-02-15,0.4279987948429479,0.4206536647251674,0.3695304058971944,0.48854961879612757,0.24421118437694533,0.003442453158332556,Ndjamzna
2023-02-22,0.4230731772216949,0.402747426714216,0.3648435734553227,0.4835214859659504,0.24423233874758757,0.003442453158332556,Ndjamzna
2023-03-01,0.40487166186690177,0.4134074783325195,0.34762037791597966,0.46483359132209895,0.2443086746426696,0.003442453158332556,Ndjamzna
2023-03-08,0.4123482492511772,0.4106527818952287,0.3546791727267001,0.4725280568233583,0.24426770337119655,0.003442453158332556,Ndjamzna
2023-03-15,0.4163416942367496,0.4249858311244419,0.35845934764376874,0.4766266640073517,0.24424787967946152,0.003442453158332556,Ndjamzna
2023-03-22,0.42763594569121527,0.4300177546909877,0.3691840145617709,0.4881804463514237,0.24421598404571107,0.003442453158332556,Ndjamzna
2023-03-29,0.44109814115905754,0.42673254830496643,0.38203889338315455,0.501872517323485,0.244196603474201,0.003442453158332556,Ndjamzna
2023-04-05,0.456793465592246,0.42052587781633655,0.3971262904288032,0.5177267900319358,0.2441951437693456,0.003442453158332556,Ndjamzna
2023-04-12,0.4681842359423829,0.4387370899745396,0.4081441053100012,0.5291599726746643,0.2442076365814249,0.003442453158332556,Ndjamzna
2023-04-19,0.4768066271244451,0.4236376408168247,0.41652112313447254,0.5377755879274644,0.24423095548123214,0.003442453158332556,Ndjamzna
2023-04-26,0.49137929609135406,0.4155890601021902,0.4307582442439856,0.552254930589718,0.24427197459205455,0.003442453158332556,Ndjamzna
2023-05-03,0.4970696773388312,0.4134790802001952,0.4363346357708177,0.5578913188921159,0.24432986253351846,0.003442453158332556,Ndjamzna
2023-05-10,0.518290873261105,0.4281477846418108,0.45730298113740936,0.5787385964909788,0.24440119391479848,0.003442453158332556,Ndjamzna
2023-05-17,0.47780056687867334,0.4293456050327845,0.41739007426013836,0.5388675182451095,0.24464051753498908,0.003442453158332556,Ndjamzna
2023-05-24,0.4699541486720175,0.4329097039358957,0.409702690358379,0.5310942748502047,0.24486619262280004,0.003442453158332556,Ndjamzna
2023-05-31,0.45724408346827705,0.4143940189906528,0.3973354407021383,0.5184154585030996,0.24513753089600857,0.003442453158332556,Ndjamzna
2023-06-07,0.45975726557956814,0.4311610521589006,0.399750657724711,0.5209538158919849,0.24518426223739828,0.003442453158332556,Ndjamzna
2023-06-14,0.470401105977201,0.44133404323032915,0.4100972943292063,0.5315816113531094,0.24502901429882767,0.003442453158332556,Ndjamzna
2023-06-21,0.4986696024115146,0.4369359479631696,0.4378295011142607,0.5595491254388856,0.24465401204123285,0.003442453158332556,Ndjamzna
2023-06-28,0.49187607346742407,0.436560914175851,0.43119045599938827,0.5528020491159462,0.2444972056391611,0.003442453158332556,Ndjamzna
2023-07-05,0.4879940523707541,0.4453404126848493,0.4274305563563489,0.548912111784403,0.24430916968166363,0.003442453158332556,Ndjamzna
2023-07-12,0.5026030190273311,0.43168656485421314,0.44185244779895466,0.5632768310012822,0.24405953023459287,0.003442453158332556,Ndjamzna
2023-07-19,0.5379906228385203,0.4307577787126814,0.4771089088366682,0.5977599743707035,0.24388436102692101,0.003442453158332556,Ndjamzna
2023-07-26,0.5128613717680577,0.43054144723074783,0.4520634526529958,0.5732810816905832,0.24379377682041267,0.003442453158332556,Ndjamzna
2023-08-02,0.4911824822079206,0.4231239918300084,0.4306991929857742,0.551925010036541,0.2437253070634958,0.003442453158332556,Ndjamzna
2023-08-09,0.4923986929522627,0.41150624956403453,0.43190186796701013,0.5531189496580037,0.24368819557679164,0.003442453158332556,Ndjamzna
2023-08-16,0.47864399370194183,0.4151844133649554,0.4184380349403176,0.5394768269023651,0.24371268376236557,0.003442453158332556,Ndjamzna
2023-08-23,0.4716950246895037,0.4112380981445312,0.4116682293937093,0.5325516706591567,0.2437321889246019,0.003442453158332556,Ndjamzna
2023-08-30,0.4623572316234177,0.4189251708984375,0.4026037605873506,0.5232119825657887,0.2437712375230962,0.003442453158332556,Ndjamzna
2023-09-06,0.4536223971190288,0.3933922794886997,0.3941577071842604,0.5144405402134195,0.24382341854801234,0.003442453158332556,Ndjamzna
2023-09-13,0.4452454263313912,0.3682972771780831,0.3860867370637567,0.5059975343898786,0.2438914445951784,0.003442453158332556,Ndjamzna
2023-09-20,0.4371120777294597,0.3808100400652204,0.37827644384569387,0.4977721355522426,0.2439793862228262,0.003442453158332556,Ndjamzna
2023-09-27,0.42397445371257036,0.3829070826939174,0.36572020499947283,0.4844210403613023,0.24414279212134432,0.003442453158332556,Ndjamzna
2023-10-04,0.41040492222677605,0.3838645063127789,0.35282034035477117,0.47055449914730324,0.24437325556773046,0.003442453158332556,Ndjamzna
2023-10-11,0.4238174958164388,0.3916008486066546,0.3655191759346523,0.48431646219978464,0.24436679194950395,0.003442453158332556,Ndjamzna
2023-10-18,0.41689218722927013,0.400217410496303,0.3589023759425862,0.47727627004519396,0.24458687448247252,0.003442453158332556,Ndjamzna
2023-10-25,0.4322631651897644,0.4036501094273158,0.3735111761414746,0.49298450705233304,0.2445595973946413,0.003442453158332556,Ndjamzna
2023-11-01,0.42757106007826867,0.40138922555106027,0.36900161532667936,0.4882436832593546,0.24473417263231323,0.003442453158332556,Ndjamzna
2023-11-08,0.4528758324790436,0.4000411605834961,0.3932504109930353,0.513884930933464,0.24461179364645977,0.003442453158332556,Ndjamzna
2023-11-15,0.4549908146612895,0.38824867248535155,0.3952646558068197,0.5160406248447449,0.24470994230170817,0.003442453158332556,Ndjamzna
2023-11-22,0.48778447171816414,0.39703274318150106,0.4271650410318141,0.5487653681904566,0.24455535583568228,0.003442453158332556,Ndjamzna
2023-11-29,0.4962400894019272,0.3811397116524833,0.4354582952860949,0.5571332190719935,0.24457530513200929,0.003442453158332556,Ndjamzna
2023-12-06,0.47853022164931497,0.4054817036220006,0.4180770332079562,0.5396188856918684,0.24474042065828092,0.003442453158332556,Ndjamzna
2023-12-13,0.4685757414751417,0.4158456965855189,0.40836667429353213,0.5297138776192244,0.24485865257473957,0.003442453158332556,Ndjamzna
2022-10-05,0.3959062069203278,0.4016909027099609,0.3393847468950321,0.4553524660971466,0.24348505161070197,0.003442453158332556,Sila
2022-10-12,0.37104648995352224,0.4100237873622349,0.31618909246024757,0.4294442494951551,0.24361102148701158,0.003442453158332556,Sila
2022-10-19,0.37709593112643947,0.42967821393694194,0.321830295162493,0.4357539577831553,0.24348027569936986,0.003442453158332556,Sila
2022-10-26,0.3895752002236898,0.412834974016462,0.33349540883797407,0.44873615484124946,0.24331973681361924,0.003442453158332556,Sila
2022-11-02,0.40855998472306293,0.40227026803152904,0.35136065868791905,0.46834753202710855,0.24314211208033107,0.003442453158332556,Sila
2022-11-09,0.41143699612319345,0.41230236053466784,0.35409580728350176,0.4712884973850961,0.2430555869038825,0.003442453158332556,Sila
2022-11-16,0.47529852538464296,0.4141359656197684,0.4154075527016145,0.5359085829983234,0.24276844016112012,0.003442453158332556,Sila
2022-11-23,0.4902869839072112,0.43826073237827834,0.43008253475496633,0.5507745086461507,0.24265746828018164,0.003442453158332556,Sila
2022-11-30,0.5065623141813013,0.47091154915945865,0.4461288788030844,0.566804588045686,0.24257491433894526,0.003442453158332556,Sila
2022-12-07,0.5330020912665032,0.4926431056431362,0.4724428490060865,0.5926042062107754,0.2425409856271491,0.003442453158332556,Sila
2022-12-14,0.5429827663299253,0.5311986432756697,0.48246291994273655,0.6022598439303605,0.2425335878178832,0.003442453158332556,Sila
2022-12-21,0.5503603657987871,0.5549268668038504,0.4898958891295651,0.609372566194789,0.24254877163797242,0.003442453158332556,Sila
2022-12-28,0.5544987788989418,0.5671429225376673,0.49407384553859934,0.6133545336198408,0.24257034467278057,0.003442453158332556,Sila
2023-01-04,0.5602330550480934,0.5759405517578127,0.4998776898079152,0.6188583084021451,0.24259719163797622,0.003442453158332556,Sila
2023-01-11,0.5643120756153314,0.5942535127912248,0.5040199244748113,0.6227606453366724,0.24260116235326276,0.003442453158332556,Sila
2023-01-18,0.5892416529131984,0.6166670989990235,0.5294951570043445,0.6464668879221932,0.2427135314433202,0.003442453158332556,Sila
2023-01-25,0.5993106023446644,0.6367032132829938,0.5398760542819768,0.6559602970080884,0.24274975708406069,0.003442453158332556,Sila
2023-02-01,0.6023933145222592,0.657457057407924,0.5430687811192795,0.658854010663834,0.24274418232611378,0.003442453158332556,Sila
2023-02-08,0.5815496076768052,0.6668974195207868,0.521621965998377,0.6391631966692162,0.24259609570817892,0.003442453158332556,Sila
2023-02-15,0.5711165809652411,0.6595693860735212,0.5109621250185038,0.6292407320003982,0.24255269944348828,0.003442453158332556,Sila
2023-02-22,0.5663638650103103,0.6476932743617467,0.5061196310670318,0.6247085205149556,0.2425512122180958,0.003442453158332556,Sila
2023-03-01,0.5480633933641911,0.6537838091169085,0.4875859135651732,0.6071539641216995,0.2425155952589411,0.003442453158332556,Sila
2023-03-08,0.5559028398055783,0.6653443472726004,0.49549756612098245,0.6146996341678959,0.2425603849986071,0.003442453158332556,Sila
2023-03-15,0.5601517296590373,0.6693223026820592,0.4997955037669653,0.6187801308743479,0.24259585052036267,0.003442453158332556,Sila
2023-03-22,0.5717753022797541,0.6746193477085658,0.5116084750622928,0.6298920699117484,0.2426557875396143,0.003442453158332556,Sila
2023-03-29,0.5854003479978256,0.6843196432931082,0.5255442489154093,0.6428370581306795,0.24271657777748598,0.003442453158332556,Sila
2023-04-05,0.6008979437445261,0.6549743815830775,0.5415142236466973,0.6574555723338615,0.24276788096869312,0.003442453158332556,Sila
2023-04-12,0.6118815229939664,0.6198870304652623,0.5529201002279632,0.6677397321566447,0.24275184623886759,0.003442453158332556,Sila
2023-04-19,0.6199830015187185,0.5984436089651926,0.5613856373861931,0.6752801112064302,0.24268857810293384,0.003442453158332556,Sila
2023-04-26,0.633444736301611,0.5848083550589426,0.575508418104412,0.6877637425711159,0.24266178216795573,0.003442453158332556,Sila
2023-05-03,0.6384158390242375,0.600342287336077,0.5807653698960122,0.6923383125979073,0.2425789340595028,0.003442453158332556,Sila
2023-05-10,0.6573402705084508,0.6150648934500559,0.600810140811469,0.7097326463146597,0.2426220496085312,0.003442453158332556,Sila
2023-05-17,0.619312010258606,0.624292493547712,0.5607570597017314,0.674590854023896,0.24239397767053134,0.003442453158332556,Sila
2023-05-24,0.6110149952397921,0.6327522223336357,0.5521029521187467,0.6668539954116136,0.24240957211789882,0.003442453158332556,Sila
2023-05-31,0.5977635753599322,0.6394022641863142,0.5383439578674241,0.6544443816272326,0.24247771359370332,0.003442453158332556,Sila
2023-06-07,0.5989350633653889,0.6375247573852539,0.5395430625751498,0.6555569474253022,0.24252657063687966,0.003442453158332556,Sila
2023-06-14,0.6078771525173512,0.6259336907523019,0.5488040543534122,0.6639519252219028,0.24255788301629339,0.003442453158332556,Sila
2023-06-21,0.6336014279908531,0.6279331316266742,0.5756798359882086,0.6879028976340792,0.24263496705844229,0.003442453158332556,Sila
2023-06-28,0.6270170605400903,0.6319558552333288,0.5687458555132603,0.6818194799486664,0.24270496564562516,0.003442453158332556,Sila
2023-07-05,0.6234923857093144,0.6747773960658482,0.5650346432972996,0.6785630323697015,0.24277762527231814,0.003442453158332556,Sila
2023-07-12,0.637086575060642,0.7002108982631139,0.5792814308681197,0.6911835231909057,0.24291695503947314,0.003442453158332556,Sila
2023-07-19,0.6688592912365215,0.7243430437360491,0.6129537382584542,0.7203735734181496,0.24328508390301007,0.003442453158332556,Sila
2023-07-26,0.6455288109739198,0.7338175528390067,0.5881309424111917,0.6990212352198923,0.24319863550408563,0.003442453158332556,Sila
2023-08-02,0.6245854530763099,0.7377783421107701,0.5660831555797973,0.679663646336124,0.24316920835649145,0.003442453158332556,Sila
2023-08-09,0.624739304205665,0.7285903930664063,0.5662176462300341,0.6798301461173861,0.24327785726518714,0.003442453158332556,Sila
2023-08-16,0.6109071744115548,0.7279464721679688,0.5517857472685139,0.666937392276287,0.24323861111910125,0.003442453158332556,Sila
2023-08-23,0.6037583793632585,0.704534181867327,0.5443630942587986,0.6602435101254642,0.24322966152516165,0.003442453158332556,Sila
2023-08-30,0.5945158049842003,0.6836265345982143,0.5348130192288586,0.6515485612727903,0.24318764976312254,0.003442453158332556,Sila
2023-09-06,0.5860872917625517,0.6873863438197544,0.5261473050922875,0.6435813832934254,0.2431289205334716,0.003442453158332556,Sila
2023-09-13,0.5782314863121054,0.6840312957763671,0.5181078589577052,0.636122111722398,0.2430545388066882,0.003442453158332556,Sila
2023-09-20,0.5707305211149205,0.664267305646624,0.5104633396636112,0.628971038128429,0.24297280880402736,0.003442453158332556,Sila
2023-09-27,0.5582563456182102,0.6568871198381697,0.49780160865789264,0.6170322818936125,0.24288213330301092,0.003442453158332556,Sila
2023-10-04,0.5451677467360119,0.6529905482700892,0.48459297634815357,0.6044345987235047,0.24281247378465032,0.003442453158332556,Sila
2023-10-11,0.5594781697078913,0.6481452178955077,0.4990809889153018,0.6181645820256119,0.2427205558350356,0.003442453158332556,Sila
2023-10-18,0.5533111388812239,0.6461429268973214,0.4928495061560471,0.6122358533216996,0.242662114798564,0.003442453158332556,Sila
2023-10-25,0.5697914531637902,0.6424562835693359,0.5096036567823468,0.6279848177779461,0.24258098631819763,0.003442453158332556,Sila
2023-11-01,0.5660517462514688,0.6084100995744978,0.5058012508685531,0.6244112380868678,0.2425541576700529,0.003442453158332556,Sila
2023-11-08,0.5919433283244493,0.6139498792375837,0.5323338572197704,0.64896514702823,0.24248866273779876,0.003442453158332556,Sila
2023-11-15,0.5947172336385359,0.6107205363682339,0.5351998937624661,0.6515749318558481,0.2424681667594605,0.003442453158332556,Sila
2023-11-22,0.6265550413264812,0.624912943158831,0.5683187317067598,0.6813400771640733,0.24247110071685826,0.003442453158332556,Sila
2023-11-29,0.6348534719615928,0.6414409146990094,0.5770364314163334,0.6890264169479668,0.24247614491670197,0.003442453158332556,Sila
2023-12-06,0.6186116434010603,0.644320537022182,0.5600130828867658,0.6739497147230451,0.24244436449424267,0.003442453158332556,Sila
2023-12-13,0.6094489584253248,0.6425717653547015,0.5504651851404893,0.665397791938285,0.24244612447785313,0.003442453158332556,Sila
