"cv_fold","observation_id","y_true","y_pred_mean","y_pred_sd","y_pred_median","y_pred_ci_2.5","y_pred_ci_97.5","y_pred_q25","y_pred_q75","residual","in_ci_95","len_ic_95","adm1_code","adm1_name","Datetime"
5,1,0.333405494689941,0.323007582392,0.0596976097103024,0.320165297200203,0.216469768285451,0.445044348623751,0.279931990532599,0.361797815602392,-0.0103979122979409,TRUE,0.228574580338299,900184,"Mandoul",2022-10-05
5,2,0.322398847852434,0.31758101166645,0.0588081412554484,0.315385300790921,0.213092911374856,0.43844331772824,0.276127913337594,0.355817975245406,-0.00481783618598453,TRUE,0.225350406353384,900184,"Mandoul",2022-10-12
5,3,0.303280991145543,0.30664554281983,0.0572315037186368,0.303680859667154,0.204878752192637,0.4257736464256,0.266215018838932,0.343319423013372,0.00336455167428701,TRUE,0.220894894232964,900184,"Mandoul",2022-10-19
5,4,0.303923803056989,0.307617248042994,0.057159371559157,0.30448822231071,0.205654858751366,0.427707971473814,0.26686140439889,0.344337122406313,0.00369344498600482,TRUE,0.222053112722448,900184,"Mandoul",2022-10-26
5,5,0.297257311684745,0.301591459074961,0.0561478911640493,0.298645996532243,0.20090178874639,0.42042879661611,0.262719392306394,0.337991895710166,0.00433414739021609,TRUE,0.21952700786972,900184,"Mandoul",2022-11-02
5,6,0.294938101087298,0.305463182292997,0.0561555974371505,0.302412204539502,0.204849320922716,0.42507856715683,0.265347142616362,0.341888207448657,0.010525081205699,TRUE,0.220229246234114,900184,"Mandoul",2022-11-09
5,7,0.307288156236921,0.326831419953993,0.0573946006349511,0.324377501564562,0.223478527961996,0.450532708643772,0.286518732949518,0.363289687308276,0.0195432637170718,TRUE,0.227054180681776,900184,"Mandoul",2022-11-16
5,8,0.330474046979632,0.342620513476527,0.058199155509582,0.340199904341031,0.236686334660594,0.467797700727116,0.302083318445746,0.37946240982974,0.0121464664968952,TRUE,0.231111366066522,900184,"Mandoul",2022-11-23
5,9,0.378007529122489,0.362984589982404,0.0595140705275528,0.360825467467503,0.254839401510099,0.491971430953214,0.322757560547498,0.401503476906256,-0.015022939140085,TRUE,0.237132029443115,900184,"Mandoul",2022-11-30
5,10,0.403871307373047,0.369981685744117,0.0594793514963822,0.367619756943807,0.261232200326877,0.495733543982525,0.329101269809898,0.407767780940576,-0.0338896216289301,TRUE,0.234501343655647,900184,"Mandoul",2022-12-07
5,11,0.452250714983259,0.390971495520054,0.0603050104981757,0.38855896850468,0.278707267431243,0.515599543981022,0.349591361779834,0.42949737216531,-0.061279219463205,TRUE,0.236892276549779,900184,"Mandoul",2022-12-14
5,12,0.472568223135812,0.424659744237409,0.0615438737090183,0.423227530139114,0.308380226223668,0.552567479087246,0.38353830600071,0.465058369641747,-0.0479084788984032,TRUE,0.244187252863578,900184,"Mandoul",2022-12-21
5,13,0.483212634495326,0.433247267477839,0.0616670914037816,0.431581877667682,0.318005232484192,0.557718203049071,0.391671075056752,0.473652108811165,-0.0499653670174879,TRUE,0.239712970564879,900184,"Mandoul",2022-12-28
5,14,0.497951578412737,0.444779226653594,0.0616930096235838,0.443765258918626,0.329125729240476,0.570397771199854,0.403112436625566,0.485207290273155,-0.0531723517591433,TRUE,0.241272041959378,900184,"Mandoul",2023-01-04
5,15,0.513371140616281,0.459413815391973,0.0616171815103669,0.458433026617968,0.341958419531847,0.585120743245735,0.418118476010228,0.499937717540405,-0.053957325224308,TRUE,0.243162323713888,900184,"Mandoul",2023-01-11
5,16,0.549165943690709,0.491067610306438,0.0619293252554468,0.490657639428165,0.370893242018681,0.614975144399422,0.449911954435722,0.530730073076217,-0.0580983333842706,TRUE,0.244081902380741,900184,"Mandoul",2023-01-18
5,17,0.553842980521066,0.508973487412594,0.0616187720651989,0.50897129333359,0.387922610296184,0.629916047195221,0.467624303700694,0.5484600664694,-0.0448694931084722,TRUE,0.241993436899037,900184,"Mandoul",2023-01-25
5,18,0.561279008047921,0.528628785797084,0.0608303473871767,0.529366398070294,0.409502450103261,0.645630848153968,0.488818196560855,0.568875407559091,-0.0326502222508375,TRUE,0.236128398050707,900184,"Mandoul",2023-02-01
5,19,0.5603502873012,0.532202663206488,0.0604509987779532,0.533011631151247,0.413006028078481,0.65101473733225,0.491579180300956,0.572346512866331,-0.0281476240947113,TRUE,0.23800870925377,900184,"Mandoul",2023-02-08
5,20,0.562333117893764,0.524006792795696,0.0603734772513806,0.524731251259819,0.405535422146402,0.642277860387951,0.484451517930975,0.563992510069533,-0.0383263250980675,TRUE,0.236742438241549,900184,"Mandoul",2023-02-15
5,21,0.575873609270368,0.518525025939985,0.0603113937477838,0.518655871708301,0.402719674704901,0.637079860116471,0.478793571918594,0.557803490387392,-0.0573485833303837,TRUE,0.23436018541157,900184,"Mandoul",2023-02-22
5,22,0.552187935965402,0.508903511646713,0.0600091757987729,0.508755393953232,0.394223868721509,0.627519636326537,0.469448233550945,0.549178567728881,-0.0432844243186885,TRUE,0.233295767605028,900184,"Mandoul",2023-03-01
5,23,0.544224384852818,0.511606723322427,0.059803997786751,0.510084742625074,0.396452140811377,0.628339269771079,0.472485864391228,0.551750918756247,-0.0326176615303911,TRUE,0.231887128959701,900184,"Mandoul",2023-03-08
5,24,0.52184939793178,0.512491696537861,0.05993270541853,0.510693936535065,0.39535267323392,0.628152374594612,0.473037890623715,0.553120649707879,-0.009357701393919,TRUE,0.232799701360692,900184,"Mandoul",2023-03-15
5,25,0.500564994812012,0.508712631427481,0.0598007053010197,0.508382150371778,0.395581340358773,0.625386404296353,0.468644597377815,0.54946167546616,0.00814763661546947,TRUE,0.22980506393758,900184,"Mandoul",2023-03-22
5,26,0.503063430786133,0.513392925459673,0.0596894976718203,0.512661859289259,0.397316144884538,0.63010510924382,0.474010226949691,0.553207610309699,0.0103294946735405,TRUE,0.232788964359282,900184,"Mandoul",2023-03-29
5,27,0.500018784659249,0.515873171769432,0.0594629472496073,0.515985950589191,0.400753376619746,0.632147382947683,0.477881300343172,0.554360006886068,0.0158543871101827,TRUE,0.231394006327937,900184,"Mandoul",2023-04-05
5,28,0.503548534938267,0.518868583620109,0.0592747565127212,0.518279043654364,0.403672338264282,0.634868119395695,0.479803097901078,0.55814369870848,0.0153200486818422,TRUE,0.231195781131413,900184,"Mandoul",2023-04-12
5,29,0.483803062438965,0.506469473787277,0.0593249822532292,0.505844732762129,0.390221325442785,0.622234073349629,0.467122571824313,0.546110861279485,0.0226664113483122,TRUE,0.232012747906844,900184,"Mandoul",2023-04-19
5,30,0.486283160618373,0.495652212904482,0.0592215621501334,0.495517641586471,0.379674269849202,0.610547837452095,0.455295301037353,0.535702424980903,0.00936905228610874,TRUE,0.230873567602893,900184,"Mandoul",2023-04-26
5,31,0.493320830208915,0.505247538435868,0.0594544324757296,0.505091627739632,0.388887202495525,0.621017402564403,0.465718437719504,0.54496305313869,0.0119267082269531,TRUE,0.232130200068878,900184,"Mandoul",2023-05-03
5,32,0.496725387573242,0.519221349429207,0.0595364467163226,0.519112147379541,0.403240289995563,0.634243773685929,0.479075762655051,0.558945928371452,0.022495961855965,TRUE,0.231003483690366,900184,"Mandoul",2023-05-10
5,33,0.507603934151786,0.53336891324539,0.0590942032479354,0.533581420587329,0.41951598066232,0.648258761602494,0.493206388236712,0.573301328183381,0.0257649790936043,TRUE,0.228742780940175,900184,"Mandoul",2023-05-17
5,34,0.500513234819685,0.539018311773655,0.0591837888529884,0.539044648149409,0.424376088765287,0.6530624887573,0.498638908468455,0.579444991141681,0.0385050769539702,TRUE,0.228686399992012,900184,"Mandoul",2023-05-24
5,35,0.50465283530099,0.542236317005202,0.0591287609978555,0.542273548946065,0.426514386323025,0.65613561841497,0.502542821264067,0.583091761253153,0.0375834817042116,TRUE,0.229621232091945,900184,"Mandoul",2023-05-31
5,36,0.503077621459961,0.540925670338531,0.0593991149100527,0.540575681661119,0.425140540726931,0.655877442144776,0.500925841333882,0.581624879353655,0.0378480488785705,TRUE,0.230736901417845,900184,"Mandoul",2023-06-07
5,37,0.503970222473144,0.545309460665843,0.0590652955354459,0.544527248238058,0.430121013179306,0.658711694334176,0.506293956770226,0.585503222043665,0.0413392381926984,TRUE,0.228590681154869,900184,"Mandoul",2023-06-14
5,38,0.521085755484445,0.542021956864827,0.0592409226646901,0.541474552635578,0.427715017191451,0.656146463986792,0.502089966946277,0.582005134809426,0.0209362013803819,TRUE,0.228431446795342,900184,"Mandoul",2023-06-21
5,39,0.522217892238072,0.538593465993262,0.0595124313385877,0.538303424479673,0.423432337164387,0.655282982075703,0.498634580308798,0.578773465545079,0.0163755737551903,TRUE,0.231850644911315,900184,"Mandoul",2023-06-28
5,40,0.518776615687779,0.539987794653721,0.0594867742359054,0.539823308041413,0.426434298893188,0.656157574634789,0.500735149507233,0.579737667168065,0.0212111789659424,TRUE,0.229723275741601,900184,"Mandoul",2023-07-05
5,41,0.51921316419329,0.544454092123977,0.0596558059493741,0.544121983445545,0.430386608717018,0.660035616798466,0.504933234349193,0.584158959675477,0.0252409279306876,TRUE,0.229649008081448,900184,"Mandoul",2023-07-12
5,42,0.517557983398438,0.539516017564997,0.0596734877541145,0.539291631815161,0.423936597594244,0.654932632618521,0.499887692415797,0.578761097363196,0.0219580341665592,TRUE,0.230996035024277,900184,"Mandoul",2023-07-19
5,43,0.504856365748814,0.544944169784045,0.0597698409138086,0.544906361179355,0.428189843180641,0.659285667591861,0.505350432761998,0.584589544888953,0.0400878040352305,TRUE,0.231095824411221,900184,"Mandoul",2023-07-26
5,44,0.50680532182966,0.545073785957015,0.060092833196902,0.545214412963933,0.429675096909052,0.661781526975032,0.505019421183124,0.585373821573725,0.0382684641273555,TRUE,0.232106430065979,900184,"Mandoul",2023-08-02
5,45,0.512591770717076,0.542791877331964,0.0601915250784399,0.542313967722623,0.426136538040962,0.658316545261502,0.503144767406634,0.584022479024529,0.0302001066148881,TRUE,0.23218000722054,900184,"Mandoul",2023-08-09
5,46,0.513180612836565,0.53370271997118,0.0606505513354642,0.533359416129779,0.416174989630753,0.652574410958999,0.494093966433017,0.574502385383037,0.0205221071346147,TRUE,0.236399421328246,900184,"Mandoul",2023-08-16
5,47,0.490923903329032,0.522743886628945,0.0611696390038792,0.52277794127995,0.404180374770902,0.639697078838667,0.481656512933553,0.563474810714782,0.0318199832999131,TRUE,0.235516704067765,900184,"Mandoul",2023-08-23
5,48,0.475678542000907,0.522767391580275,0.0614603220291042,0.523233664260947,0.402228403646618,0.64089924521273,0.481645088842115,0.563856105450876,0.0470888495793679,TRUE,0.238670841566111,900184,"Mandoul",2023-08-30
5,49,0.478011327471052,0.515171969997534,0.061865575915656,0.515144813559663,0.396451062452373,0.633364983878556,0.473482610631574,0.556278044027449,0.0371606425264825,TRUE,0.236913921426184,900184,"Mandoul",2023-09-06
5,50,0.478760032653809,0.505369799511788,0.0621901965320611,0.50597705587766,0.385357557994875,0.6261802058983,0.463736710582783,0.547091632879051,0.0266097668579797,TRUE,0.240822647903425,900184,"Mandoul",2023-09-13
5,51,0.460149857657296,0.495838726943991,0.0626817219937768,0.495431339905651,0.373706731680134,0.620449544344997,0.453378125359447,0.538067265405034,0.0356888692866948,TRUE,0.246742812664863,900184,"Mandoul",2023-09-20
5,52,0.445805402483259,0.495290641013508,0.0630070471236695,0.495180494808742,0.372745135278772,0.61942116847386,0.452884203477474,0.537661827773503,0.0494852385302491,TRUE,0.246676033195089,900184,"Mandoul",2023-09-27
5,53,0.449451348440988,0.478722007260744,0.0632686472477296,0.477919016884273,0.357045747889587,0.605561163532256,0.435485384269267,0.522273226995786,0.0292706588197558,TRUE,0.248515415642669,900184,"Mandoul",2023-10-04
5,54,0.44192624773298,0.467964342878604,0.0636225067335238,0.467071073846902,0.346202442436411,0.596033675186968,0.424819479739179,0.510523162716577,0.0260380951456242,TRUE,0.249831232750557,900184,"Mandoul",2023-10-11
5,55,0.452095930916922,0.476184159613691,0.064111103185132,0.475615437845536,0.355225070390856,0.605007109561407,0.432663611795739,0.518757099194107,0.0240882286967685,TRUE,0.249782039170551,900184,"Mandoul",2023-10-18
5,56,0.464526732308524,0.474683653324539,0.0645947274384113,0.473488128193892,0.351542770014635,0.60425505986861,0.430099445320237,0.518823860114262,0.0101569210160153,TRUE,0.252712289853975,900184,"Mandoul",2023-10-25
5,57,0.469249185834612,0.482381192876175,0.0651453675283698,0.481277462594917,0.357556950509923,0.61181582193637,0.437838819228223,0.525967628614881,0.0131320070415624,TRUE,0.254258871426447,900184,"Mandoul",2023-11-01
5,58,0.456597006661551,0.493484272133518,0.065665362538582,0.493127108044887,0.367659739930073,0.622789038866584,0.448394403311075,0.538218937661143,0.0368872654719671,TRUE,0.255129298936511,900184,"Mandoul",2023-11-08
5,59,0.465348189217704,0.503293585852704,0.0662210056458991,0.502821800166101,0.375732313441097,0.632503435631702,0.457058232085741,0.548320768081593,0.0379453966349999,TRUE,0.256771122190606,900184,"Mandoul",2023-11-15
5,60,0.473326715741839,0.508928894073188,0.0667556128557643,0.507955683638584,0.379773433134106,0.640226486442086,0.463997756479957,0.554559976203249,0.0356021783313487,TRUE,0.26045305330798,900184,"Mandoul",2023-11-22
5,61,0.454547849382673,0.517989082937971,0.0674912401473051,0.516971184828349,0.384718439073813,0.650448526592193,0.47196800818671,0.56372202092335,0.0634412335552981,TRUE,0.26573008751838,900184,"Mandoul",2023-11-29
5,62,0.451217062813895,0.526108890555392,0.0678829694449516,0.524611609032761,0.393872702571152,0.658733617584683,0.480678900569621,0.573286670046654,0.0748918277414968,TRUE,0.264860915013532,900184,"Mandoul",2023-12-06
5,63,0.453407756260463,0.536216452487206,0.068326011052933,0.535334430772458,0.403154831915343,0.669174665626681,0.490022875527108,0.583068822601753,0.0828086962267431,TRUE,0.266019833711338,900184,"Mandoul",2023-12-13
5,64,0.286734466552734,0.338012983191197,0.0573422536153773,0.33633889742596,0.232208420073547,0.457295952958374,0.298347756223684,0.375688154072736,0.0512785166384627,TRUE,0.225087532884827,900192,"Tandjile",2022-10-05
5,65,0.284640058789934,0.332413843506469,0.0562770668150048,0.330605923148251,0.227401216899566,0.449407959566276,0.293289171416969,0.369380149235648,0.0477737847165342,TRUE,0.222006742666711,900192,"Tandjile",2022-10-12
5,66,0.264918248312814,0.322940285663923,0.0549668758047564,0.32182854091261,0.220571255264974,0.436533449253139,0.283813115495147,0.358800863443179,0.0580220373511087,TRUE,0.215962193988164,900192,"Tandjile",2022-10-19
5,67,0.263877116612026,0.319720215779936,0.0545895278903812,0.318350243738685,0.218126408848088,0.434944957080016,0.280887144595388,0.355417013314385,0.0558430991679102,TRUE,0.216818548231928,900192,"Tandjile",2022-10-26
5,68,0.253559665679932,0.315846964432843,0.0538238754278842,0.313928660364653,0.216397293279257,0.427893954486663,0.278241469130287,0.350745914660252,0.0622872987529115,TRUE,0.211496661207407,900192,"Tandjile",2022-11-02
5,69,0.252628645215716,0.32074017070719,0.0538816553905868,0.319481896482752,0.220216262495382,0.431044824331636,0.282443750270805,0.355637175731225,0.0681115254914748,TRUE,0.210828561836254,900192,"Tandjile",2022-11-09
5,70,0.274197782788958,0.32833872378433,0.0540029105867913,0.3278576969786,0.227760374593651,0.438010091608031,0.290343911175515,0.363302203564554,0.0541409409953718,TRUE,0.21024971701438,900192,"Tandjile",2022-11-16
5,71,0.300159467969622,0.345617598661891,0.0551788054211297,0.344890123114981,0.243836594885854,0.458045630657756,0.306181084299844,0.381229395920477,0.0454581306922692,TRUE,0.214209035771903,900192,"Tandjile",2022-11-23
5,72,0.309969351632254,0.362722201036876,0.0558610738744994,0.362026700491685,0.258338019457168,0.475508733710725,0.323598588438411,0.3999723369622,0.0527528494046215,TRUE,0.217170714253557,900192,"Tandjile",2022-11-30
5,73,0.326312879834856,0.374723792841526,0.0563813802106268,0.374124353656065,0.269169720054213,0.48541408177316,0.335390339466361,0.412376104332891,0.0484109130066695,TRUE,0.216244361718947,900192,"Tandjile",2022-12-07
5,74,0.322927742004395,0.396546494847794,0.0572245658106535,0.396340408914829,0.288133165982586,0.50906541536293,0.356729647778673,0.434345865556857,0.0736187528433998,TRUE,0.220932249380343,900192,"Tandjile",2022-12-14
5,75,0.346401002066476,0.430155744231748,0.0584074285051076,0.430741378519291,0.319082217147339,0.543559258399044,0.389862783575136,0.469110448612003,0.0837547421652716,TRUE,0.224477041251706,900192,"Tandjile",2022-12-21
5,76,0.375138075692313,0.449949216519165,0.0586230414678272,0.45014184396078,0.336942327051553,0.563774227201241,0.410667963176739,0.489149461174766,0.0748111408268521,TRUE,0.226831900149688,900192,"Tandjile",2022-12-28
5,77,0.39939503805978,0.463628149143254,0.058626312784145,0.464682068977856,0.348477065294531,0.575060991974405,0.423758082256916,0.503464900596897,0.0642331110834744,TRUE,0.226583926679874,900192,"Tandjile",2023-01-04
5,78,0.409452857971191,0.478285542332161,0.058348210554698,0.479230503606462,0.360632559895756,0.590291418433784,0.439009716552983,0.516984591723921,0.0688326843609698,TRUE,0.229658858538028,900192,"Tandjile",2023-01-11
5,79,0.456127406529018,0.507948839151868,0.0583666765245055,0.509787619039138,0.39097226234954,0.619152744616895,0.468485652511248,0.547275627144034,0.0518214326228498,TRUE,0.228180482267355,900192,"Tandjile",2023-01-18
5,80,0.473184585571289,0.523504739879181,0.0579352303644761,0.524689473337817,0.406627934791931,0.632481001622167,0.485641172117893,0.562706011894002,0.050320154307892,TRUE,0.225853066830236,900192,"Tandjile",2023-01-25
5,81,0.489725227355957,0.539515753381481,0.0573458350648389,0.540838630839322,0.424122668981903,0.647487569351205,0.50161360867747,0.578157344798252,0.049790526025524,TRUE,0.223364900369302,900192,"Tandjile",2023-02-01
5,82,0.520251497541155,0.547219640604636,0.0566746121643414,0.549196775841962,0.432645222523174,0.655030509541659,0.511206754968137,0.586165399941724,0.0269681430634806,TRUE,0.222385287018485,900192,"Tandjile",2023-02-08
5,83,0.537654244559152,0.550964301605223,0.0567072971205753,0.552895894889785,0.436451113779959,0.658058970363303,0.514748357540405,0.589840040672438,0.0133100570460717,TRUE,0.221607856583344,900192,"Tandjile",2023-02-15
5,84,0.551891021728516,0.548068882354221,0.056497886015637,0.551154834199323,0.434626136291957,0.653094305567651,0.511300105054854,0.587100331952405,-0.00382213937429443,TRUE,0.218468169275694,900192,"Tandjile",2023-02-22
5,85,0.563045910426549,0.540217030590035,0.056476089448441,0.542091992954837,0.427447384733665,0.645830467307003,0.502686770197732,0.578561022297116,-0.0228288798365136,TRUE,0.218383082573338,900192,"Tandjile",2023-03-01
5,86,0.557593013218471,0.534898244475201,0.05642112501609,0.536571494434835,0.422024545310091,0.640871987765747,0.498187771244907,0.573652314516741,-0.0226947687432698,TRUE,0.218847442455657,900192,"Tandjile",2023-03-08
5,87,0.567538670131138,0.531287350793165,0.0561363889421551,0.532398373874818,0.418653601096654,0.637669838733953,0.494491584879578,0.569058530452458,-0.0362513193379735,TRUE,0.219016237637299,900192,"Tandjile",2023-03-15
5,88,0.567289303370884,0.529471647945396,0.0559760195438817,0.530994627520861,0.418554706721006,0.635406710581629,0.492967166179163,0.568011268126513,-0.0378176554254889,TRUE,0.216852003860623,900192,"Tandjile",2023-03-22
5,89,0.556892057146345,0.522064784673614,0.0559371476106933,0.524169026741984,0.409704693377495,0.626778662793755,0.485900479906803,0.560100686592058,-0.0348272724727305,TRUE,0.21707396941626,900192,"Tandjile",2023-03-29
5,90,0.545104702540806,0.516070701124311,0.0560782424894445,0.517704639457364,0.401853394154344,0.62259126178849,0.47894663508171,0.55463845658909,-0.0290340014164955,TRUE,0.220737867634145,900192,"Tandjile",2023-04-05
5,91,0.548378279549735,0.513855763177989,0.0560732957489195,0.515889501598233,0.40093838068793,0.621011387014715,0.476678964240254,0.55082231064671,-0.0345225163717457,TRUE,0.220073006326785,900192,"Tandjile",2023-04-12
5,92,0.505146533421108,0.49799945792354,0.056009159665505,0.499599483960737,0.385695237448924,0.6041428546239,0.460713878253302,0.534975422407316,-0.00714707549756743,TRUE,0.218447617174976,900192,"Tandjile",2023-04-19
5,93,0.494758633204869,0.486600174170158,0.0558732738445631,0.487978709339495,0.37279705864599,0.593991842062957,0.449494714453948,0.523802493144686,-0.00815845903471135,TRUE,0.221194783416967,900192,"Tandjile",2023-04-26
5,94,0.492828211103167,0.492038970469626,0.0559230235916727,0.493411350146253,0.379264928020719,0.599985108349822,0.455585864870777,0.528524103678769,-0.000789240633541188,TRUE,0.220720180329104,900192,"Tandjile",2023-05-03
5,95,0.490444750104632,0.498885679010447,0.0560569262585375,0.49949207022474,0.385841305967516,0.606758386669341,0.462741541363359,0.536340630814532,0.00844092890581577,TRUE,0.220917080701826,900192,"Tandjile",2023-05-10
5,96,0.492822102137974,0.504155016365866,0.056022443729556,0.505108810826487,0.389676581951194,0.61022981234602,0.468270204584241,0.541344259885365,0.0113329142278913,TRUE,0.220553230394826,900192,"Tandjile",2023-05-17
5,97,0.491578260149275,0.507796303337265,0.0561835625995966,0.508856766189409,0.39444396200691,0.615643258294764,0.471737791028123,0.544044803006869,0.0162180431879906,TRUE,0.221199296287854,900192,"Tandjile",2023-05-24
5,98,0.509130047389439,0.52134871157949,0.0562568311628772,0.523030292066843,0.405964786030364,0.628801924550675,0.485246513947323,0.558834898299902,0.0122186641900511,TRUE,0.222837138520311,900192,"Tandjile",2023-05-31
5,99,0.520867483956473,0.52945525695151,0.0562977985883251,0.531819872051974,0.414825977449539,0.635154878924649,0.493291272133167,0.566597002494836,0.00858777299503666,TRUE,0.22032890147511,900192,"Tandjile",2023-06-07
5,100,0.510184386117118,0.531118611723067,0.0561190612952232,0.532811068850107,0.418200222803249,0.63870768729597,0.49449504210754,0.567964792483759,0.0209342256059492,TRUE,0.220507464492721,900192,"Tandjile",2023-06-14
5,101,0.500898061479841,0.532429215090913,0.0560119355388444,0.534571463983309,0.421762611589568,0.63937121617206,0.495459771867985,0.569841486116731,0.0315311536110721,TRUE,0.217608604582493,900192,"Tandjile",2023-06-21
5,102,0.504041508265904,0.539918009286072,0.0558043760041725,0.541473588158819,0.428465614158196,0.647687368679352,0.503396973983003,0.577493414371691,0.0358765010201679,TRUE,0.219221754521156,900192,"Tandjile",2023-06-28
5,103,0.518611341203962,0.551000492042355,0.055722568576942,0.552309522951818,0.438376591635563,0.657397677840928,0.514341232261977,0.588595263153788,0.0323891508383932,TRUE,0.219021086205365,900192,"Tandjile",2023-07-05
5,104,0.522258584158761,0.55559753384476,0.0556904695717188,0.558662560263315,0.442564686702507,0.661023399844646,0.518829820303818,0.593011265301024,0.0333389496859989,TRUE,0.218458713142139,900192,"Tandjile",2023-07-12
5,105,0.550236936296736,0.56054216234672,0.055548041225123,0.563150397124232,0.447636243890283,0.668389313003431,0.523966600434722,0.5975876992423,0.0103052260499842,TRUE,0.220753069113148,900192,"Tandjile",2023-07-19
5,106,0.554495015825544,0.570407232018679,0.0555113221159357,0.572755289504961,0.457221780605476,0.675980090359778,0.533506126588041,0.60651539082422,0.015912216193135,TRUE,0.218758309754302,900192,"Tandjile",2023-07-26
5,107,0.557432022094727,0.571810317935382,0.0555464245570921,0.573909265640378,0.458434991433398,0.676975690383427,0.53509227155299,0.608576147470352,0.0143782958406552,TRUE,0.218540698950029,900192,"Tandjile",2023-08-02
5,108,0.547899987357003,0.569750427306567,0.055999417443516,0.571913850461217,0.455643742852353,0.675441195374768,0.532995237956937,0.607312836451839,0.0218504399495636,TRUE,0.219797452522415,900192,"Tandjile",2023-08-09
5,109,0.530489480154855,0.566057080221585,0.0563166434617239,0.567650078239066,0.451107211381039,0.671793295728155,0.529078259402544,0.604361981008507,0.03556760006673,TRUE,0.220686084347116,900192,"Tandjile",2023-08-16
5,110,0.523228536333357,0.559008818432626,0.0569680180085758,0.560978596402337,0.443929312545989,0.667911140285157,0.521984152857739,0.597441303693647,0.0357802820992689,TRUE,0.223981827739169,900192,"Tandjile",2023-08-23
5,111,0.50252672467913,0.550213848453236,0.0576172966023432,0.551751649984555,0.432596401074204,0.662394926638395,0.512963204921739,0.589241025832762,0.0476871237741063,TRUE,0.229798525564191,900192,"Tandjile",2023-08-30
5,112,0.484435697283064,0.538645119390684,0.058143034385729,0.539422488544985,0.419339112135974,0.650327528445732,0.50055651740032,0.578272447567047,0.0542094221076204,TRUE,0.230988416309758,900192,"Tandjile",2023-09-06
5,113,0.47723087310791,0.532718271037729,0.0584892022498408,0.533840180970876,0.414806172502617,0.645164349264932,0.494000265116208,0.572456558758817,0.0554873979298184,TRUE,0.230358176762315,900192,"Tandjile",2023-09-13
5,114,0.482027424403599,0.526938659968681,0.05881264209873,0.527389266214379,0.40933731591182,0.639708056512429,0.488349907724507,0.566589253176118,0.0449112355650817,TRUE,0.230370740600608,900192,"Tandjile",2023-09-20
5,115,0.478400720868792,0.522598109191166,0.0593189235878777,0.523261850968024,0.404672729960197,0.63788743767716,0.483816546219728,0.562342004931393,0.0441973883223741,TRUE,0.233214707716963,900192,"Tandjile",2023-09-27
5,116,0.488977492196219,0.515571600503589,0.0596662257117247,0.516348970227046,0.398157469944989,0.633633773441966,0.476846598413478,0.554851981315367,0.0265941083073692,TRUE,0.235476303496977,900192,"Tandjile",2023-10-04
5,117,0.486735551016671,0.509056516681795,0.0600115653520155,0.510013580680204,0.390651533155733,0.627750310786123,0.4702467288973,0.548570852434772,0.0223209656651235,TRUE,0.23709877763039,900192,"Tandjile",2023-10-11
5,118,0.503579308646066,0.503281825351021,0.0606194840510489,0.503708089516212,0.384120104272551,0.621799702922235,0.463438339554763,0.543245455734626,-0.000297483295044976,TRUE,0.237679598649684,900192,"Tandjile",2023-10-18
5,119,0.521821648733956,0.49974919031489,0.0608508564106482,0.49946997222417,0.379988539219814,0.618701846943156,0.459161590765954,0.539988215232577,-0.0220724584190661,TRUE,0.238713307723342,900192,"Tandjile",2023-10-25
5,120,0.531183891296387,0.499267204244684,0.0612557583170086,0.498608838289828,0.379073302480783,0.618561623583219,0.458496180186107,0.540724513251182,-0.031916687051703,TRUE,0.239488321102436,900192,"Tandjile",2023-11-01
5,121,0.553389102390834,0.504651304705196,0.0616419578605525,0.504950289690124,0.383990944392222,0.622047281722538,0.464126812652592,0.546429872007868,-0.0487377976856387,TRUE,0.238056337330317,900192,"Tandjile",2023-11-08
5,122,0.553634975978306,0.514786470118703,0.0620156801161392,0.515547697680171,0.39272784730542,0.633609475845061,0.47407110071091,0.55685430957605,-0.0388485058596035,TRUE,0.240881628539641,900192,"Tandjile",2023-11-15
5,123,0.546763174874442,0.520957020141404,0.0623841908534153,0.521825029350166,0.397760493015345,0.641877023502048,0.480293310688224,0.562204751335055,-0.0258061547330382,TRUE,0.244116530486703,900192,"Tandjile",2023-11-22
5,124,0.547085462297712,0.532281492540642,0.0629499496026962,0.533308807076055,0.407806239750176,0.654525837997385,0.49119883995646,0.574266862276686,-0.0148039697570695,TRUE,0.246719598247209,900192,"Tandjile",2023-11-29
5,125,0.556463661193848,0.544560402846721,0.063340518737417,0.546210971325854,0.418991811893845,0.665339871962441,0.502655540341367,0.586885587379846,-0.0119032583471264,TRUE,0.246348060068595,900192,"Tandjile",2023-12-06
5,126,0.55892591203962,0.562978298686414,0.0632551288881978,0.564854528196998,0.436647804153751,0.682408336999177,0.521774149730916,0.605254071784524,0.00405238664679386,TRUE,0.245760532845425,900192,"Tandjile",2023-12-13
5,127,0.378797416687012,0.416463658366475,0.0758036369172984,0.41346714739358,0.276713466217855,0.567864379004543,0.362592368765429,0.467132982826128,0.0376662416794636,TRUE,0.291150912786688,900194,"Wadi Fira",2022-10-05
5,128,0.395649926321847,0.412739043243736,0.0749824757117874,0.41047650326574,0.276000046086583,0.561952407147251,0.360064817698639,0.463812306678147,0.017089116921889,TRUE,0.285952361060668,900194,"Wadi Fira",2022-10-12
5,129,0.408980276925223,0.418281816214398,0.0741903507544419,0.415785082855336,0.283303183482099,0.566592532611648,0.366558497580973,0.467940156357603,0.0093015392891751,TRUE,0.28328934912955,900194,"Wadi Fira",2022-10-19
5,130,0.406351514543806,0.414911297608593,0.0733547825257127,0.413278839765842,0.280811812387398,0.559376920024703,0.363366049858964,0.462766043430421,0.00855978306478727,TRUE,0.278565107637305,900194,"Wadi Fira",2022-10-26
5,131,0.406533960614886,0.413194070213795,0.0722869785781399,0.410903021566315,0.28003150131886,0.560386466999427,0.362728694964509,0.462160645454325,0.00666010959890984,TRUE,0.280354965680567,900194,"Wadi Fira",2022-11-02
5,132,0.42250499180385,0.411357843636823,0.0717218311793618,0.408468142920379,0.279663900709457,0.555659826032396,0.361566040108336,0.459622451320562,-0.0111471481670278,TRUE,0.275995925322939,900194,"Wadi Fira",2022-11-09
5,133,0.422779219491141,0.41759163586189,0.0711328436595534,0.415306877950098,0.28528976428265,0.56307905685855,0.368263525650612,0.46563071736761,-0.00518758362925109,TRUE,0.2777892925759,900194,"Wadi Fira",2022-11-16
5,134,0.453613019670759,0.436300630304903,0.0711542675001425,0.435036925623924,0.302602506088625,0.578318559955836,0.386882108976497,0.484648523653939,-0.0173123893658563,TRUE,0.275716053867211,900194,"Wadi Fira",2022-11-23
5,135,0.492269532339913,0.460549301503162,0.0713327735215324,0.459255875914062,0.324194542227003,0.602487464173077,0.411484509365629,0.509785213208077,-0.0317202308367515,TRUE,0.278292921946074,900194,"Wadi Fira",2022-11-30
5,136,0.513911552429199,0.482380384665362,0.0710136597203995,0.481494946792251,0.345414723541739,0.623257732862834,0.434006214215496,0.531670047682252,-0.0315311677638371,TRUE,0.277843009321095,900194,"Wadi Fira",2022-12-07
5,137,0.52864988054548,0.509034205118804,0.0703940748034227,0.507463219846779,0.371348722385095,0.649518515717216,0.462023347438721,0.555971639015077,-0.0196156754266754,TRUE,0.278169793332121,900194,"Wadi Fira",2022-12-14
5,138,0.550422085353306,0.532895373598606,0.069024605000134,0.532759609920086,0.396241540872346,0.669728827411869,0.48748931314543,0.581018097892674,-0.0175267117547007,TRUE,0.273487286539523,900194,"Wadi Fira",2022-12-21
5,139,0.591642156328474,0.544063450012857,0.0681751014458074,0.544964393086526,0.410970673340429,0.678888508971898,0.497576872687522,0.589659432532784,-0.0475787063156169,TRUE,0.26791783563147,900194,"Wadi Fira",2022-12-28
5,140,0.613890527997698,0.557391331273454,0.0671024922514361,0.557927764954546,0.426521177703823,0.687354521011141,0.513085756621334,0.602214077896329,-0.0564991967242445,TRUE,0.260833343307318,900194,"Wadi Fira",2023-01-04
5,141,0.624348956516811,0.572009985816835,0.0662730255521699,0.57403903029646,0.440872659680982,0.697278084650585,0.527354182228552,0.616686478782193,-0.0523389706999754,TRUE,0.256405424969603,900194,"Wadi Fira",2023-01-11
5,142,0.631096823556083,0.591753013548643,0.0650728042038252,0.594252341262667,0.464324751911786,0.71504401456907,0.548086756555215,0.63620115640825,-0.0393438100074396,TRUE,0.250719262657284,900194,"Wadi Fira",2023-01-18
5,143,0.643900571550642,0.599452965301027,0.0643260764639514,0.601789355849981,0.4727509971975,0.720118024725245,0.556094745755537,0.642402594178363,-0.0444476062496152,TRUE,0.247367027527745,900194,"Wadi Fira",2023-01-25
5,144,0.670080206734794,0.624710837034027,0.0624921225511521,0.626534996949161,0.501087036012284,0.741671444907144,0.582564746103842,0.668248503170062,-0.0453693697007669,TRUE,0.24058440889486,900194,"Wadi Fira",2023-02-01
5,145,0.681526293073382,0.642873249857829,0.0608669617892935,0.645284469023096,0.518847595053571,0.754780718174024,0.602491830508503,0.68450542838844,-0.0386530432155529,TRUE,0.235933123120453,900194,"Wadi Fira",2023-02-08
5,146,0.703281086512974,0.654757622737233,0.0596014653792102,0.657664351036528,0.531178530055587,0.763234133042493,0.615431055589309,0.69564618731621,-0.048523463775741,TRUE,0.232055602986906,900194,"Wadi Fira",2023-02-15
5,147,0.704478509085519,0.656253377665368,0.0591201725238665,0.65833093165995,0.5334852487567,0.764104196278894,0.6178065302766,0.696879537321202,-0.0482251314201513,TRUE,0.230618947522194,900194,"Wadi Fira",2023-02-22
5,148,0.692973229544503,0.660743653068146,0.0583973076334668,0.663983423258398,0.542339504386063,0.768280806082365,0.622265895392733,0.700941013162031,-0.0322295764763572,TRUE,0.225941301696302,900194,"Wadi Fira",2023-03-01
5,149,0.678479919433594,0.658423079826641,0.058261656102418,0.661618636843118,0.53944485588582,0.764167750831751,0.619793664576863,0.697773618034445,-0.020056839606953,TRUE,0.224722894945931,900194,"Wadi Fira",2023-03-08
5,150,0.69060430254255,0.653408582004245,0.058248858953952,0.656607500936086,0.532269663460661,0.760432111938395,0.615367045568743,0.693105902084364,-0.0371957205383057,TRUE,0.228162448477734,900194,"Wadi Fira",2023-03-15
5,151,0.696975947788783,0.653870453404555,0.0580020482978389,0.656182446125984,0.532664737965574,0.76053326780376,0.617428470189864,0.693218028793831,-0.0431054943842281,TRUE,0.227868529838186,900194,"Wadi Fira",2023-03-22
5,152,0.693104357038225,0.663791556519824,0.0571795861459546,0.66620294436881,0.54644317815569,0.769696378068356,0.627860336641285,0.702815672281201,-0.0293128005184015,TRUE,0.223253199912667,900194,"Wadi Fira",2023-03-29
5,153,0.685652749197824,0.66313293084144,0.0573200469151103,0.664722328787835,0.547666036382353,0.768107274644379,0.627555620945216,0.702703351571981,-0.0225198183563833,TRUE,0.220441238262026,900194,"Wadi Fira",2023-04-05
5,154,0.672306562151228,0.64760535020629,0.0581745480764688,0.649155021254884,0.530310087996799,0.753843662376382,0.610293966423154,0.688661667963944,-0.0247012119449374,TRUE,0.223533574379584,900194,"Wadi Fira",2023-04-12
5,155,0.640820535932268,0.626648582952443,0.0592171698246742,0.628601936420928,0.506091784669689,0.737543521675669,0.589244303121001,0.666971218145687,-0.0141719529798251,TRUE,0.23145173700598,900194,"Wadi Fira",2023-04-19
5,156,0.626266550336565,0.622545530553567,0.0591691420685782,0.62430416715661,0.500840314243484,0.736324793082899,0.584506256144172,0.662627984279249,-0.00372101978299855,TRUE,0.235484478839416,900194,"Wadi Fira",2023-04-26
5,157,0.625404303414481,0.624783225398612,0.059100947287685,0.626689388162291,0.503882004631454,0.737456299519269,0.586007142017836,0.664955800702989,-0.000621078015868748,TRUE,0.233574294887815,900194,"Wadi Fira",2023-05-03
5,158,0.626937784467425,0.630193371323578,0.0588460547864933,0.632251637757722,0.510012934881437,0.740527746195637,0.59207901166514,0.670537583185391,0.00325558685615313,TRUE,0.2305148113142,900194,"Wadi Fira",2023-05-10
5,159,0.6184638268607,0.631471264098439,0.0588700721850887,0.633735346799012,0.510152674896353,0.743860670325827,0.592476180644871,0.671387870215317,0.0130074372377385,TRUE,0.233707995429474,900194,"Wadi Fira",2023-05-17
5,160,0.615856835501535,0.635729335794629,0.0586987829725066,0.637823429972201,0.516898739226129,0.746922263138576,0.597761535554624,0.674976373053299,0.0198725002930947,TRUE,0.230023523912446,900194,"Wadi Fira",2023-05-24
5,161,0.621078703744071,0.636580081899508,0.0584195442731973,0.638157943400917,0.518998898883371,0.746058776099069,0.599417560555178,0.675934800750283,0.0155013781554375,TRUE,0.227059877215698,900194,"Wadi Fira",2023-05-31
5,162,0.631700815473284,0.642132613928682,0.0583891478017498,0.644162936936618,0.523739119630022,0.751777714257755,0.604738149935473,0.68130019620708,0.0104317984553975,TRUE,0.228038594627733,900194,"Wadi Fira",2023-06-07
5,163,0.627512653895787,0.643139313096821,0.0587360861657773,0.645585101886913,0.522370802458356,0.752911501036785,0.604131244469939,0.682564771552246,0.0156266592010338,TRUE,0.230540698578429,900194,"Wadi Fira",2023-06-14
5,164,0.622729563031878,0.641837157922224,0.0590854785638705,0.644396377662631,0.519552698422538,0.751891148790937,0.603194758987148,0.681528474288714,0.0191075948903459,TRUE,0.232338450368399,900194,"Wadi Fira",2023-06-21
5,165,0.620306331089565,0.64439139322748,0.0591817965271551,0.646628419889478,0.521761039464848,0.754966340602077,0.605355874038902,0.684806532089413,0.0240850621379147,TRUE,0.233205301137228,900194,"Wadi Fira",2023-06-28
5,166,0.636682314191546,0.654910807290314,0.0587679865458571,0.657650865685934,0.531630248852295,0.765085325065479,0.617146190465016,0.694828810202201,0.018228493098768,TRUE,0.233455076213184,900194,"Wadi Fira",2023-07-05
5,167,0.654171011788504,0.670810718917964,0.0576341066683048,0.673497525534249,0.548846362551557,0.777547877036814,0.634505344722059,0.710130074740117,0.0166397071294599,TRUE,0.228701514485257,900194,"Wadi Fira",2023-07-12
5,168,0.690468401227679,0.687277671720796,0.0564430049615323,0.690613740188605,0.566428597941503,0.789474232200881,0.651400799617879,0.725643071477665,-0.00319072950688271,TRUE,0.223045634259378,900194,"Wadi Fira",2023-07-19
5,169,0.705912562779018,0.689580907932584,0.0566433642603416,0.69245266120151,0.568952670605717,0.79293347714038,0.653472219651173,0.72791468627285,-0.016331654846434,TRUE,0.223980806534663,900194,"Wadi Fira",2023-07-26
5,170,0.714994201660156,0.689296940696914,0.0570831162692712,0.692670309194472,0.568056932951226,0.792597853623168,0.654201074701096,0.727936347000206,-0.0256972609632422,TRUE,0.224540920671942,900194,"Wadi Fira",2023-08-02
5,171,0.723890271868025,0.684660060898798,0.0579547320429357,0.688158301811344,0.562497391992552,0.788975224431704,0.647560553324235,0.723945031690584,-0.0392302109692269,TRUE,0.226477832439152,900194,"Wadi Fira",2023-08-09
5,172,0.731905048915318,0.681887952010874,0.058505979695469,0.685151418849465,0.56024355284974,0.786993730711257,0.644174480490116,0.721581897000381,-0.0500170969044443,TRUE,0.226750177861516,900194,"Wadi Fira",2023-08-16
5,173,0.719562312534877,0.666450186323488,0.0601911777275551,0.669980793218271,0.541031794455374,0.776929403166584,0.627752937435008,0.707582393399009,-0.0531121262113893,TRUE,0.23589760871121,900194,"Wadi Fira",2023-08-23
5,174,0.708092150006975,0.658868165001992,0.0613596177217098,0.662300883583566,0.528703549686359,0.772403682137951,0.618596175599142,0.700976076853972,-0.0492239850049834,TRUE,0.243700132451591,900194,"Wadi Fira",2023-08-30
5,175,0.696829419817243,0.649015138659622,0.062485082321173,0.65292701024522,0.5200926241287,0.764382632888394,0.608542288281605,0.691126521136656,-0.0478142811576218,TRUE,0.244290008759694,900194,"Wadi Fira",2023-09-06
5,176,0.686596919468471,0.643018884470538,0.0636307183663902,0.646119409498573,0.511944210322445,0.759104206526071,0.601526256275208,0.686540762851566,-0.0435780349979332,TRUE,0.247159996203626,900194,"Wadi Fira",2023-09-13
5,177,0.685204358782087,0.638518576668329,0.0646352576424358,0.642148086389355,0.501815853854983,0.757360769536367,0.596302920970951,0.683347714822215,-0.0466857821137581,TRUE,0.255544915681384,900194,"Wadi Fira",2023-09-20
5,178,0.690541839599609,0.636050827252125,0.0651108323630834,0.639956823015645,0.498851619758715,0.754143320932845,0.59312181641845,0.680965033630666,-0.0544910123474847,TRUE,0.255291701174131,900194,"Wadi Fira",2023-09-27
5,179,0.687214627947126,0.641554435272495,0.0651490364917335,0.645113723155975,0.502129425845132,0.759995824849182,0.599335898561401,0.686607677702183,-0.0456601926746311,TRUE,0.25786639900405,900194,"Wadi Fira",2023-10-04
5,180,0.669384841918945,0.642926195715554,0.0651518302304632,0.645253049529263,0.504569491685602,0.763149005863434,0.600976179681893,0.687903329410329,-0.0264586462033914,TRUE,0.258579514177832,900194,"Wadi Fira",2023-10-11
5,181,0.675080424717494,0.642002825284077,0.0657234170582217,0.645226062722681,0.503380737314835,0.762235966864366,0.598588157475481,0.687982219646843,-0.0330775994334169,TRUE,0.258855229549531,900194,"Wadi Fira",2023-10-18
5,182,0.678295495169503,0.644484628223956,0.0659256675025816,0.64730296374945,0.50802082393935,0.764926543898551,0.602055642449587,0.690234892852736,-0.0338108669455471,TRUE,0.256905719959201,900194,"Wadi Fira",2023-10-25
5,183,0.666880907331194,0.639410286366705,0.0668174060090805,0.641824090181035,0.500034992125429,0.761924451960745,0.596129673741125,0.685148256350779,-0.0274706209644889,TRUE,0.261889459835316,900194,"Wadi Fira",2023-11-01
5,184,0.648690888541085,0.641301045474773,0.0673327302944153,0.643639742417246,0.498361436752631,0.765175117296316,0.598522811845315,0.687694640809873,-0.00738984306631263,TRUE,0.266813680543685,900194,"Wadi Fira",2023-11-08
5,185,0.643518872942243,0.641432610636414,0.068196874996188,0.643990503769603,0.495819774902315,0.766595920950399,0.598160648691214,0.688765858463545,-0.00208626230582931,TRUE,0.270776146048083,900194,"Wadi Fira",2023-11-15
5,186,0.655653435843331,0.653567321472286,0.0678535592278915,0.65656720097059,0.506677226102116,0.776227520501622,0.611298946917992,0.700705736024636,-0.002086114371045,TRUE,0.269550294399506,900194,"Wadi Fira",2023-11-22
5,187,0.655242091587612,0.653004637889051,0.0681077921167993,0.655782102907805,0.507371938435161,0.77638291086771,0.609673548842219,0.700912410796912,-0.00223745369856021,TRUE,0.269010972432549,900194,"Wadi Fira",2023-11-29
5,188,0.649727074759347,0.660951037736948,0.0678951628681275,0.663700526443143,0.513175348017474,0.782065400465255,0.618995393334962,0.708219841651534,0.0112239629776009,TRUE,0.268890052447781,900194,"Wadi Fira",2023-12-06
5,189,0.646394686017718,0.6604338820483,0.0686104415955243,0.663790649972173,0.512602339594256,0.783093098423995,0.617848350671145,0.708434122691949,0.0140391960305821,TRUE,0.27049075882974,900194,"Wadi Fira",2023-12-13
