"adm1_name","Easting","Northing","Datetime","fcs","cv_ind"
"Barh El Gazal",703.015195999231,1595.04509254626,"2022-10-05",0.366477928161621,2
"Barh El Gazal",703.015195999231,1595.04509254626,"2022-10-12",0.36509147644043,2
"Barh El Gazal",703.015195999231,1595.04509254626,"2022-10-19",0.355111296517508,2
"Barh El Gazal",703.015195999231,1595.04509254626,"2022-10-26",0.359643265860421,2
"Barh El Gazal",703.015195999231,1595.04509254626,"2022-11-02",0.384076783316476,2
"Barh El Gazal",703.015195999231,1595.04509254626,"2022-11-09",0.401127542768206,2
"Barh El Gazal",703.015195999231,1595.04509254626,"2022-11-16",0.424115878513881,2
"Barh El Gazal",703.015195999231,1595.04509254626,"2022-11-23",0.452772761753627,2
"Barh El Gazal",703.015195999231,1595.04509254626,"2022-11-30",0.476955119541713,2
"Barh El Gazal",703.015195999231,1595.04509254626,"2022-12-07",0.502534975324358,2
"Barh El Gazal",703.015195999231,1595.04509254626,"2022-12-14",0.512708576747349,2
"Barh El Gazal",703.015195999231,1595.04509254626,"2022-12-21",0.522162077767508,2
"Barh El Gazal",703.015195999231,1595.04509254626,"2022-12-28",0.533104776654925,2
"Barh El Gazal",703.015195999231,1595.04509254626,"2023-01-04",0.573215958731515,2
"Barh El Gazal",703.015195999231,1595.04509254626,"2023-01-11",0.589929547991071,2
"Barh El Gazal",703.015195999231,1595.04509254626,"2023-01-18",0.62484018598284,2
"Barh El Gazal",703.015195999231,1595.04509254626,"2023-01-25",0.63418215070452,2
"Barh El Gazal",703.015195999231,1595.04509254626,"2023-02-01",0.636537922450474,2
"Barh El Gazal",703.015195999231,1595.04509254626,"2023-02-08",0.651152757917132,2
"Barh El Gazal",703.015195999231,1595.04509254626,"2023-02-15",0.651204496111189,2
"Barh El Gazal",703.015195999231,1595.04509254626,"2023-02-22",0.666895130702427,2
"Barh El Gazal",703.015195999231,1595.04509254626,"2023-03-01",0.665431900024414,2
"Barh El Gazal",703.015195999231,1595.04509254626,"2023-03-08",0.665741762433733,2
"Barh El Gazal",703.015195999231,1595.04509254626,"2023-03-15",0.676086273193359,2
"Barh El Gazal",703.015195999231,1595.04509254626,"2023-03-22",0.679270945957729,2
"Barh El Gazal",703.015195999231,1595.04509254626,"2023-03-29",0.688629586356027,2
"Barh El Gazal",703.015195999231,1595.04509254626,"2023-04-05",0.670904050554548,2
"Barh El Gazal",703.015195999231,1595.04509254626,"2023-04-12",0.664106009347098,2
"Barh El Gazal",703.015195999231,1595.04509254626,"2023-04-19",0.63502623966762,2
"Barh El Gazal",703.015195999231,1595.04509254626,"2023-04-26",0.619919809613909,2
"Barh El Gazal",703.015195999231,1595.04509254626,"2023-05-03",0.62652963910784,2
"Barh El Gazal",703.015195999231,1595.04509254626,"2023-05-10",0.638093806675502,2
"Barh El Gazal",703.015195999231,1595.04509254626,"2023-05-17",0.643263844081334,2
"Barh El Gazal",703.015195999231,1595.04509254626,"2023-05-24",0.635165279933385,2
"Barh El Gazal",703.015195999231,1595.04509254626,"2023-05-31",0.643070073808943,2
"Barh El Gazal",703.015195999231,1595.04509254626,"2023-06-07",0.649967847551618,2
"Barh El Gazal",703.015195999231,1595.04509254626,"2023-06-14",0.65101432800293,2
"Barh El Gazal",703.015195999231,1595.04509254626,"2023-06-21",0.646168616158622,2
"Barh El Gazal",703.015195999231,1595.04509254626,"2023-06-28",0.639191736493792,2
"Barh El Gazal",703.015195999231,1595.04509254626,"2023-07-05",0.647308333260672,2
"Barh El Gazal",703.015195999231,1595.04509254626,"2023-07-12",0.669296090262277,2
"Barh El Gazal",703.015195999231,1595.04509254626,"2023-07-19",0.683588747297015,2
"Barh El Gazal",703.015195999231,1595.04509254626,"2023-07-26",0.694263120378767,2
"Barh El Gazal",703.015195999231,1595.04509254626,"2023-08-02",0.692155118669782,2
"Barh El Gazal",703.015195999231,1595.04509254626,"2023-08-09",0.679076276506696,2
"Barh El Gazal",703.015195999231,1595.04509254626,"2023-08-16",0.672538299560547,2
"Barh El Gazal",703.015195999231,1595.04509254626,"2023-08-23",0.665929946899414,2
"Barh El Gazal",703.015195999231,1595.04509254626,"2023-08-30",0.643934936523437,2
"Barh El Gazal",703.015195999231,1595.04509254626,"2023-09-06",0.625179677690778,2
"Barh El Gazal",703.015195999231,1595.04509254626,"2023-09-13",0.621975642613002,2
"Barh El Gazal",703.015195999231,1595.04509254626,"2023-09-20",0.631393863133022,2
"Barh El Gazal",703.015195999231,1595.04509254626,"2023-09-27",0.627131516592843,2
"Barh El Gazal",703.015195999231,1595.04509254626,"2023-10-04",0.626764101300921,2
"Barh El Gazal",703.015195999231,1595.04509254626,"2023-10-11",0.614850131443569,2
"Barh El Gazal",703.015195999231,1595.04509254626,"2023-10-18",0.615292047773089,2
"Barh El Gazal",703.015195999231,1595.04509254626,"2023-10-25",0.614891204833984,2
"Barh El Gazal",703.015195999231,1595.04509254626,"2023-11-01",0.595290047781808,2
"Barh El Gazal",703.015195999231,1595.04509254626,"2023-11-08",0.595350745064872,2
"Barh El Gazal",703.015195999231,1595.04509254626,"2023-11-15",0.599791597638811,2
"Barh El Gazal",703.015195999231,1595.04509254626,"2023-11-22",0.603143512180873,2
"Barh El Gazal",703.015195999231,1595.04509254626,"2023-11-29",0.602483367919922,2
"Barh El Gazal",703.015195999231,1595.04509254626,"2023-12-06",0.601148806980678,2
"Barh El Gazal",703.015195999231,1595.04509254626,"2023-12-13",0.608486480712891,2
"Borkou",845.594137867948,1901.86951691149,"2022-10-05",0.374062156677246,3
"Borkou",845.594137867948,1901.86951691149,"2022-10-12",0.375133438110352,3
"Borkou",845.594137867948,1901.86951691149,"2022-10-19",0.391678924560547,3
"Borkou",845.594137867948,1901.86951691149,"2022-10-26",0.409941673278809,3
"Borkou",845.594137867948,1901.86951691149,"2022-11-02",0.417236780439104,3
"Borkou",845.594137867948,1901.86951691149,"2022-11-09",0.404135813031878,3
"Borkou",845.594137867948,1901.86951691149,"2022-11-16",0.417645236424037,3
"Borkou",845.594137867948,1901.86951691149,"2022-11-23",0.417394572666713,3
"Borkou",845.594137867948,1901.86951691149,"2022-11-30",0.411190310886928,3
"Borkou",845.594137867948,1901.86951691149,"2022-12-07",0.412468043736049,3
"Borkou",845.594137867948,1901.86951691149,"2022-12-14",0.432900129045759,3
"Borkou",845.594137867948,1901.86951691149,"2022-12-21",0.457601040431431,3
"Borkou",845.594137867948,1901.86951691149,"2022-12-28",0.485851064409528,3
"Borkou",845.594137867948,1901.86951691149,"2023-01-04",0.509434858049665,3
"Borkou",845.594137867948,1901.86951691149,"2023-01-11",0.520883620125907,3
"Borkou",845.594137867948,1901.86951691149,"2023-01-18",0.537488975524902,3
"Borkou",845.594137867948,1901.86951691149,"2023-01-25",0.544941357203892,3
"Borkou",845.594137867948,1901.86951691149,"2023-02-01",0.574871357509068,3
"Borkou",845.594137867948,1901.86951691149,"2023-02-08",0.611403438023158,3
"Borkou",845.594137867948,1901.86951691149,"2023-02-15",0.624346095493862,3
"Borkou",845.594137867948,1901.86951691149,"2023-02-22",0.639254406520299,3
"Borkou",845.594137867948,1901.86951691149,"2023-03-01",0.648705695016043,3
"Borkou",845.594137867948,1901.86951691149,"2023-03-08",0.667850472586496,3
"Borkou",845.594137867948,1901.86951691149,"2023-03-15",0.669586868286133,3
"Borkou",845.594137867948,1901.86951691149,"2023-03-22",0.682469155447824,3
"Borkou",845.594137867948,1901.86951691149,"2023-03-29",0.679617233276367,3
"Borkou",845.594137867948,1901.86951691149,"2023-04-05",0.679524917602539,3
"Borkou",845.594137867948,1901.86951691149,"2023-04-12",0.671059984479632,3
"Borkou",845.594137867948,1901.86951691149,"2023-04-19",0.657556119646345,3
"Borkou",845.594137867948,1901.86951691149,"2023-04-26",0.638508153642927,3
"Borkou",845.594137867948,1901.86951691149,"2023-05-03",0.623270939418248,3
"Borkou",845.594137867948,1901.86951691149,"2023-05-10",0.625444210597447,3
"Borkou",845.594137867948,1901.86951691149,"2023-05-17",0.643180525643485,3
"Borkou",845.594137867948,1901.86951691149,"2023-05-24",0.641339051382882,3
"Borkou",845.594137867948,1901.86951691149,"2023-05-31",0.631817120143345,3
"Borkou",845.594137867948,1901.86951691149,"2023-06-07",0.622747050694057,3
"Borkou",845.594137867948,1901.86951691149,"2023-06-14",0.621191346304757,3
"Borkou",845.594137867948,1901.86951691149,"2023-06-21",0.601482958112444,3
"Borkou",845.594137867948,1901.86951691149,"2023-06-28",0.620510183061872,3
"Borkou",845.594137867948,1901.86951691149,"2023-07-05",0.632713356018066,3
"Borkou",845.594137867948,1901.86951691149,"2023-07-12",0.663849084036691,3
"Borkou",845.594137867948,1901.86951691149,"2023-07-19",0.683861716134208,3
"Borkou",845.594137867948,1901.86951691149,"2023-07-26",0.699782322474888,3
"Borkou",845.594137867948,1901.86951691149,"2023-08-02",0.69603403363909,3
"Borkou",845.594137867948,1901.86951691149,"2023-08-09",0.688811591012137,3
"Borkou",845.594137867948,1901.86951691149,"2023-08-16",0.667225810459682,3
"Borkou",845.594137867948,1901.86951691149,"2023-08-23",0.677594288417271,3
"Borkou",845.594137867948,1901.86951691149,"2023-08-30",0.686550816127232,3
"Borkou",845.594137867948,1901.86951691149,"2023-09-06",0.678923677716936,3
"Borkou",845.594137867948,1901.86951691149,"2023-09-13",0.674807826450893,3
"Borkou",845.594137867948,1901.86951691149,"2023-09-20",0.691047570364816,3
"Borkou",845.594137867948,1901.86951691149,"2023-09-27",0.68168698992048,3
"Borkou",845.594137867948,1901.86951691149,"2023-10-04",0.672224709647042,3
"Borkou",845.594137867948,1901.86951691149,"2023-10-11",0.668000629970006,3
"Borkou",845.594137867948,1901.86951691149,"2023-10-18",0.663267996651786,3
"Borkou",845.594137867948,1901.86951691149,"2023-10-25",0.669461441040039,3
"Borkou",845.594137867948,1901.86951691149,"2023-11-01",0.688246819632394,3
"Borkou",845.594137867948,1901.86951691149,"2023-11-08",0.698591057913644,3
"Borkou",845.594137867948,1901.86951691149,"2023-11-15",0.708520431518555,3
"Borkou",845.594137867948,1901.86951691149,"2023-11-22",0.710317916870117,3
"Borkou",845.594137867948,1901.86951691149,"2023-11-29",0.715788759504046,3
"Borkou",845.594137867948,1901.86951691149,"2023-12-06",0.722269003731864,3
"Borkou",845.594137867948,1901.86951691149,"2023-12-13",0.735664465767997,3
"Ennedi Est",1363.93416242613,1983.84268569615,"2022-10-05",0.308605346679687,1
"Ennedi Est",1363.93416242613,1983.84268569615,"2022-10-12",0.297816608973912,1
"Ennedi Est",1363.93416242613,1983.84268569615,"2022-10-19",0.300484853472028,1
"Ennedi Est",1363.93416242613,1983.84268569615,"2022-10-26",0.303813574654715,1
"Ennedi Est",1363.93416242613,1983.84268569615,"2022-11-02",0.322309254237584,1
"Ennedi Est",1363.93416242613,1983.84268569615,"2022-11-09",0.306350103105818,1
"Ennedi Est",1363.93416242613,1983.84268569615,"2022-11-16",0.318564777374268,1
"Ennedi Est",1363.93416242613,1983.84268569615,"2022-11-23",0.3510430090768,1
"Ennedi Est",1363.93416242613,1983.84268569615,"2022-11-30",0.387759748186384,1
"Ennedi Est",1363.93416242613,1983.84268569615,"2022-12-07",0.424198842729841,1
"Ennedi Est",1363.93416242613,1983.84268569615,"2022-12-14",0.457437297276088,1
"Ennedi Est",1363.93416242613,1983.84268569615,"2022-12-21",0.467793312072754,1
"Ennedi Est",1363.93416242613,1983.84268569615,"2022-12-28",0.468312050955636,1
"Ennedi Est",1363.93416242613,1983.84268569615,"2023-01-04",0.491249215262277,1
"Ennedi Est",1363.93416242613,1983.84268569615,"2023-01-11",0.520438363211496,1
"Ennedi Est",1363.93416242613,1983.84268569615,"2023-01-18",0.547088465009417,1
"Ennedi Est",1363.93416242613,1983.84268569615,"2023-01-25",0.557246916634696,1
"Ennedi Est",1363.93416242613,1983.84268569615,"2023-02-01",0.585474902561733,1
"Ennedi Est",1363.93416242613,1983.84268569615,"2023-02-08",0.627328981672014,1
"Ennedi Est",1363.93416242613,1983.84268569615,"2023-02-15",0.646817316327776,1
"Ennedi Est",1363.93416242613,1983.84268569615,"2023-02-22",0.637564926147461,1
"Ennedi Est",1363.93416242613,1983.84268569615,"2023-03-01",0.644579718453543,1
"Ennedi Est",1363.93416242613,1983.84268569615,"2023-03-08",0.636189199175153,1
"Ennedi Est",1363.93416242613,1983.84268569615,"2023-03-15",0.633135484967913,1
"Ennedi Est",1363.93416242613,1983.84268569615,"2023-03-22",0.627843949454171,1
"Ennedi Est",1363.93416242613,1983.84268569615,"2023-03-29",0.634705385480608,1
"Ennedi Est",1363.93416242613,1983.84268569615,"2023-04-05",0.63219794682094,1
"Ennedi Est",1363.93416242613,1983.84268569615,"2023-04-12",0.622772418430873,1
"Ennedi Est",1363.93416242613,1983.84268569615,"2023-04-19",0.592981719970703,1
"Ennedi Est",1363.93416242613,1983.84268569615,"2023-04-26",0.585573926653181,1
"Ennedi Est",1363.93416242613,1983.84268569615,"2023-05-03",0.581235362461635,1
"Ennedi Est",1363.93416242613,1983.84268569615,"2023-05-10",0.566152207510812,1
"Ennedi Est",1363.93416242613,1983.84268569615,"2023-05-17",0.561045330592564,1
"Ennedi Est",1363.93416242613,1983.84268569615,"2023-05-24",0.56219904763358,1
"Ennedi Est",1363.93416242613,1983.84268569615,"2023-05-31",0.565411267961775,1
"Ennedi Est",1363.93416242613,1983.84268569615,"2023-06-07",0.591184888567243,1
"Ennedi Est",1363.93416242613,1983.84268569615,"2023-06-14",0.595452973502023,1
"Ennedi Est",1363.93416242613,1983.84268569615,"2023-06-21",0.601170518057687,1
"Ennedi Est",1363.93416242613,1983.84268569615,"2023-06-28",0.602330186026437,1
"Ennedi Est",1363.93416242613,1983.84268569615,"2023-07-05",0.613050733293806,1
"Ennedi Est",1363.93416242613,1983.84268569615,"2023-07-12",0.626910738263811,1
"Ennedi Est",1363.93416242613,1983.84268569615,"2023-07-19",0.65849006652832,1
"Ennedi Est",1363.93416242613,1983.84268569615,"2023-07-26",0.673330078125,1
"Ennedi Est",1363.93416242613,1983.84268569615,"2023-08-02",0.662154650006975,1
"Ennedi Est",1363.93416242613,1983.84268569615,"2023-08-09",0.66161381312779,1
"Ennedi Est",1363.93416242613,1983.84268569615,"2023-08-16",0.652287325177874,1
"Ennedi Est",1363.93416242613,1983.84268569615,"2023-08-23",0.644628475734166,1
"Ennedi Est",1363.93416242613,1983.84268569615,"2023-08-30",0.632400327410017,1
"Ennedi Est",1363.93416242613,1983.84268569615,"2023-09-06",0.598208754403251,1
"Ennedi Est",1363.93416242613,1983.84268569615,"2023-09-13",0.591137090410505,1
"Ennedi Est",1363.93416242613,1983.84268569615,"2023-09-20",0.59426812853132,1
"Ennedi Est",1363.93416242613,1983.84268569615,"2023-09-27",0.607688211713518,1
"Ennedi Est",1363.93416242613,1983.84268569615,"2023-10-04",0.632006999424526,1
"Ennedi Est",1363.93416242613,1983.84268569615,"2023-10-11",0.627456468854632,1
"Ennedi Est",1363.93416242613,1983.84268569615,"2023-10-18",0.619168232509068,1
"Ennedi Est",1363.93416242613,1983.84268569615,"2023-10-25",0.604835052490234,1
"Ennedi Est",1363.93416242613,1983.84268569615,"2023-11-01",0.61504209790911,1
"Ennedi Est",1363.93416242613,1983.84268569615,"2023-11-08",0.616507497514997,1
"Ennedi Est",1363.93416242613,1983.84268569615,"2023-11-15",0.623774424961635,1
"Ennedi Est",1363.93416242613,1983.84268569615,"2023-11-22",0.641280833653041,1
"Ennedi Est",1363.93416242613,1983.84268569615,"2023-11-29",0.63469354901995,1
"Ennedi Est",1363.93416242613,1983.84268569615,"2023-12-06",0.639419424874442,1
"Ennedi Est",1363.93416242613,1983.84268569615,"2023-12-13",0.626800782339913,1
"Ennedi Ouest",1149.52193490335,2046.23530608601,"2022-10-05",0.405013198852539,2
"Ennedi Ouest",1149.52193490335,2046.23530608601,"2022-10-12",0.410749359130859,2
"Ennedi Ouest",1149.52193490335,2046.23530608601,"2022-10-19",0.411949746268136,2
"Ennedi Ouest",1149.52193490335,2046.23530608601,"2022-10-26",0.419390008108956,2
"Ennedi Ouest",1149.52193490335,2046.23530608601,"2022-11-02",0.428441374642508,2
"Ennedi Ouest",1149.52193490335,2046.23530608601,"2022-11-09",0.415859413146973,2
"Ennedi Ouest",1149.52193490335,2046.23530608601,"2022-11-16",0.425910045078823,2
"Ennedi Ouest",1149.52193490335,2046.23530608601,"2022-11-23",0.447092508588518,2
"Ennedi Ouest",1149.52193490335,2046.23530608601,"2022-11-30",0.459520677839007,2
"Ennedi Ouest",1149.52193490335,2046.23530608601,"2022-12-07",0.450440248761858,2
"Ennedi Ouest",1149.52193490335,2046.23530608601,"2022-12-14",0.450631386893136,2
"Ennedi Ouest",1149.52193490335,2046.23530608601,"2022-12-21",0.475189476013184,2
"Ennedi Ouest",1149.52193490335,2046.23530608601,"2022-12-28",0.478181234087263,2
"Ennedi Ouest",1149.52193490335,2046.23530608601,"2023-01-04",0.491810231889997,2
"Ennedi Ouest",1149.52193490335,2046.23530608601,"2023-01-11",0.500859827314104,2
"Ennedi Ouest",1149.52193490335,2046.23530608601,"2023-01-18",0.516149079459054,2
"Ennedi Ouest",1149.52193490335,2046.23530608601,"2023-01-25",0.532580310276576,2
"Ennedi Ouest",1149.52193490335,2046.23530608601,"2023-02-01",0.559394438607352,2
"Ennedi Ouest",1149.52193490335,2046.23530608601,"2023-02-08",0.588122613089425,2
"Ennedi Ouest",1149.52193490335,2046.23530608601,"2023-02-15",0.59627137865339,2
"Ennedi Ouest",1149.52193490335,2046.23530608601,"2023-02-22",0.597989894321987,2
"Ennedi Ouest",1149.52193490335,2046.23530608601,"2023-03-01",0.609606257847377,2
"Ennedi Ouest",1149.52193490335,2046.23530608601,"2023-03-08",0.634434291294643,2
"Ennedi Ouest",1149.52193490335,2046.23530608601,"2023-03-15",0.657657045636858,2
"Ennedi Ouest",1149.52193490335,2046.23530608601,"2023-03-22",0.665141405378069,2
"Ennedi Ouest",1149.52193490335,2046.23530608601,"2023-03-29",0.674937155587333,2
"Ennedi Ouest",1149.52193490335,2046.23530608601,"2023-04-05",0.678906718662807,2
"Ennedi Ouest",1149.52193490335,2046.23530608601,"2023-04-12",0.689209202357701,2
"Ennedi Ouest",1149.52193490335,2046.23530608601,"2023-04-19",0.672803006853376,2
"Ennedi Ouest",1149.52193490335,2046.23530608601,"2023-04-26",0.647306213378906,2
"Ennedi Ouest",1149.52193490335,2046.23530608601,"2023-05-03",0.641518080575126,2
"Ennedi Ouest",1149.52193490335,2046.23530608601,"2023-05-10",0.645700029645647,2
"Ennedi Ouest",1149.52193490335,2046.23530608601,"2023-05-17",0.639813472202846,2
"Ennedi Ouest",1149.52193490335,2046.23530608601,"2023-05-24",0.628318056379046,2
"Ennedi Ouest",1149.52193490335,2046.23530608601,"2023-05-31",0.630166495186942,2
"Ennedi Ouest",1149.52193490335,2046.23530608601,"2023-06-07",0.632837655203683,2
"Ennedi Ouest",1149.52193490335,2046.23530608601,"2023-06-14",0.625020659310477,2
"Ennedi Ouest",1149.52193490335,2046.23530608601,"2023-06-21",0.619489168439593,2
"Ennedi Ouest",1149.52193490335,2046.23530608601,"2023-06-28",0.621215030125209,2
"Ennedi Ouest",1149.52193490335,2046.23530608601,"2023-07-05",0.625459420340402,2
"Ennedi Ouest",1149.52193490335,2046.23530608601,"2023-07-12",0.629958937508719,2
"Ennedi Ouest",1149.52193490335,2046.23530608601,"2023-07-19",0.65404534476144,2
"Ennedi Ouest",1149.52193490335,2046.23530608601,"2023-07-26",0.662956575666155,2
"Ennedi Ouest",1149.52193490335,2046.23530608601,"2023-08-02",0.647147870744978,2
"Ennedi Ouest",1149.52193490335,2046.23530608601,"2023-08-09",0.628885536193848,2
"Ennedi Ouest",1149.52193490335,2046.23530608601,"2023-08-16",0.628161419459752,2
"Ennedi Ouest",1149.52193490335,2046.23530608601,"2023-08-23",0.632875475202288,2
"Ennedi Ouest",1149.52193490335,2046.23530608601,"2023-08-30",0.620177067347935,2
"Ennedi Ouest",1149.52193490335,2046.23530608601,"2023-09-06",0.596068616594587,2
"Ennedi Ouest",1149.52193490335,2046.23530608601,"2023-09-13",0.585472128731864,2
"Ennedi Ouest",1149.52193490335,2046.23530608601,"2023-09-20",0.586824771336147,2
"Ennedi Ouest",1149.52193490335,2046.23530608601,"2023-09-27",0.591168229239328,2
"Ennedi Ouest",1149.52193490335,2046.23530608601,"2023-10-04",0.599693538120815,2
"Ennedi Ouest",1149.52193490335,2046.23530608601,"2023-10-11",0.615300527300153,2
"Ennedi Ouest",1149.52193490335,2046.23530608601,"2023-10-18",0.620718334742955,2
"Ennedi Ouest",1149.52193490335,2046.23530608601,"2023-10-25",0.635200331551688,2
"Ennedi Ouest",1149.52193490335,2046.23530608601,"2023-11-01",0.666877768380301,2
"Ennedi Ouest",1149.52193490335,2046.23530608601,"2023-11-08",0.671783163888114,2
"Ennedi Ouest",1149.52193490335,2046.23530608601,"2023-11-15",0.665961706978934,2
"Ennedi Ouest",1149.52193490335,2046.23530608601,"2023-11-22",0.670619910103934,2
"Ennedi Ouest",1149.52193490335,2046.23530608601,"2023-11-29",0.677649808611189,2
"Ennedi Ouest",1149.52193490335,2046.23530608601,"2023-12-06",0.703317838396345,2
"Ennedi Ouest",1149.52193490335,2046.23530608601,"2023-12-13",0.703418295724051,2
"Guera",896.358218555757,1272.55151601438,"2022-10-05",0.397119789123535,4
"Guera",896.358218555757,1272.55151601438,"2022-10-12",0.397982668195452,4
"Guera",896.358218555757,1272.55151601438,"2022-10-19",0.40751596723284,4
"Guera",896.358218555757,1272.55151601438,"2022-10-26",0.416546407427107,4
"Guera",896.358218555757,1272.55151601438,"2022-11-02",0.42067327771868,4
"Guera",896.358218555757,1272.55151601438,"2022-11-09",0.424369261605399,4
"Guera",896.358218555757,1272.55151601438,"2022-11-16",0.450455649239676,4
"Guera",896.358218555757,1272.55151601438,"2022-11-23",0.460365676879883,4
"Guera",896.358218555757,1272.55151601438,"2022-11-30",0.464343278067453,4
"Guera",896.358218555757,1272.55151601438,"2022-12-07",0.471759621756417,4
"Guera",896.358218555757,1272.55151601438,"2022-12-14",0.504545467921666,4
"Guera",896.358218555757,1272.55151601438,"2022-12-21",0.516018714904785,4
"Guera",896.358218555757,1272.55151601438,"2022-12-28",0.52950201851981,4
"Guera",896.358218555757,1272.55151601438,"2023-01-04",0.541029314313616,4
"Guera",896.358218555757,1272.55151601438,"2023-01-11",0.552374698093959,4
"Guera",896.358218555757,1272.55151601438,"2023-01-18",0.572833524431501,4
"Guera",896.358218555757,1272.55151601438,"2023-01-25",0.580736024039132,4
"Guera",896.358218555757,1272.55151601438,"2023-02-01",0.594513696943011,4
"Guera",896.358218555757,1272.55151601438,"2023-02-08",0.60666455405099,4
"Guera",896.358218555757,1272.55151601438,"2023-02-15",0.607747617449079,4
"Guera",896.358218555757,1272.55151601438,"2023-02-22",0.627085631234305,4
"Guera",896.358218555757,1272.55151601438,"2023-03-01",0.648393358503069,4
"Guera",896.358218555757,1272.55151601438,"2023-03-08",0.659546127319336,4
"Guera",896.358218555757,1272.55151601438,"2023-03-15",0.644282548086984,4
"Guera",896.358218555757,1272.55151601438,"2023-03-22",0.659371653965541,4
"Guera",896.358218555757,1272.55151601438,"2023-03-29",0.670817990984236,4
"Guera",896.358218555757,1272.55151601438,"2023-04-05",0.65998647417341,4
"Guera",896.358218555757,1272.55151601438,"2023-04-12",0.650241917201451,4
"Guera",896.358218555757,1272.55151601438,"2023-04-19",0.614957536969866,4
"Guera",896.358218555757,1272.55151601438,"2023-04-26",0.599155077253069,4
"Guera",896.358218555757,1272.55151601438,"2023-05-03",0.605113574436733,4
"Guera",896.358218555757,1272.55151601438,"2023-05-10",0.614400858197893,4
"Guera",896.358218555757,1272.55151601438,"2023-05-17",0.616820150102888,4
"Guera",896.358218555757,1272.55151601438,"2023-05-24",0.616311580113002,4
"Guera",896.358218555757,1272.55151601438,"2023-05-31",0.611520865304129,4
"Guera",896.358218555757,1272.55151601438,"2023-06-07",0.621459094456264,4
"Guera",896.358218555757,1272.55151601438,"2023-06-14",0.634009780883789,4
"Guera",896.358218555757,1272.55151601438,"2023-06-21",0.627772004263742,4
"Guera",896.358218555757,1272.55151601438,"2023-06-28",0.616036267961775,4
"Guera",896.358218555757,1272.55151601438,"2023-07-05",0.62940926688058,4
"Guera",896.358218555757,1272.55151601438,"2023-07-12",0.634812654767718,4
"Guera",896.358218555757,1272.55151601438,"2023-07-19",0.65689826965332,4
"Guera",896.358218555757,1272.55151601438,"2023-07-26",0.672798461914063,4
"Guera",896.358218555757,1272.55151601438,"2023-08-02",0.678818806239537,4
"Guera",896.358218555757,1272.55151601438,"2023-08-09",0.682201919555664,4
"Guera",896.358218555757,1272.55151601438,"2023-08-16",0.688876724243164,4
"Guera",896.358218555757,1272.55151601438,"2023-08-23",0.685716127668108,4
"Guera",896.358218555757,1272.55151601438,"2023-08-30",0.677407749720982,4
"Guera",896.358218555757,1272.55151601438,"2023-09-06",0.664556634085519,4
"Guera",896.358218555757,1272.55151601438,"2023-09-13",0.652042672293527,4
"Guera",896.358218555757,1272.55151601438,"2023-09-20",0.65637446812221,4
"Guera",896.358218555757,1272.55151601438,"2023-09-27",0.652595672607422,4
"Guera",896.358218555757,1272.55151601438,"2023-10-04",0.647733317783901,4
"Guera",896.358218555757,1272.55151601438,"2023-10-11",0.650352979387556,4
"Guera",896.358218555757,1272.55151601438,"2023-10-18",0.673818947928292,4
"Guera",896.358218555757,1272.55151601438,"2023-10-25",0.67308952331543,4
"Guera",896.358218555757,1272.55151601438,"2023-11-01",0.669856512887137,4
"Guera",896.358218555757,1272.55151601438,"2023-11-08",0.663446731567383,4
"Guera",896.358218555757,1272.55151601438,"2023-11-15",0.646736613682338,4
"Guera",896.358218555757,1272.55151601438,"2023-11-22",0.641750297546387,4
"Guera",896.358218555757,1272.55151601438,"2023-11-29",0.637008514404297,4
"Guera",896.358218555757,1272.55151601438,"2023-12-06",0.632219140189035,4
"Guera",896.358218555757,1272.55151601438,"2023-12-13",0.632530059814453,4
"Kanem",539.029865059854,1674.4092867538,"2022-10-05",0.389332122802734,3
"Kanem",539.029865059854,1674.4092867538,"2022-10-12",0.381449530465262,3
"Kanem",539.029865059854,1674.4092867538,"2022-10-19",0.379239986964635,3
"Kanem",539.029865059854,1674.4092867538,"2022-10-26",0.382172491891044,3
"Kanem",539.029865059854,1674.4092867538,"2022-11-02",0.386099548339844,3
"Kanem",539.029865059854,1674.4092867538,"2022-11-09",0.384590361458915,3
"Kanem",539.029865059854,1674.4092867538,"2022-11-16",0.416278234209333,3
"Kanem",539.029865059854,1674.4092867538,"2022-11-23",0.450186424255371,3
"Kanem",539.029865059854,1674.4092867538,"2022-11-30",0.484490492684501,3
"Kanem",539.029865059854,1674.4092867538,"2022-12-07",0.502489155360631,3
"Kanem",539.029865059854,1674.4092867538,"2022-12-14",0.522479035513742,3
"Kanem",539.029865059854,1674.4092867538,"2022-12-21",0.544865357535226,3
"Kanem",539.029865059854,1674.4092867538,"2022-12-28",0.576593230111258,3
"Kanem",539.029865059854,1674.4092867538,"2023-01-04",0.588064913068499,3
"Kanem",539.029865059854,1674.4092867538,"2023-01-11",0.626230599539621,3
"Kanem",539.029865059854,1674.4092867538,"2023-01-18",0.656202501569475,3
"Kanem",539.029865059854,1674.4092867538,"2023-01-25",0.65067138671875,3
"Kanem",539.029865059854,1674.4092867538,"2023-02-01",0.662099969046457,3
"Kanem",539.029865059854,1674.4092867538,"2023-02-08",0.686887370518276,3
"Kanem",539.029865059854,1674.4092867538,"2023-02-15",0.68330317905971,3
"Kanem",539.029865059854,1674.4092867538,"2023-02-22",0.67535290309361,3
"Kanem",539.029865059854,1674.4092867538,"2023-03-01",0.672064252580915,3
"Kanem",539.029865059854,1674.4092867538,"2023-03-08",0.691900525774275,3
"Kanem",539.029865059854,1674.4092867538,"2023-03-15",0.687029767717634,3
"Kanem",539.029865059854,1674.4092867538,"2023-03-22",0.691565246582031,3
"Kanem",539.029865059854,1674.4092867538,"2023-03-29",0.698045479910714,3
"Kanem",539.029865059854,1674.4092867538,"2023-04-05",0.687356469290597,3
"Kanem",539.029865059854,1674.4092867538,"2023-04-12",0.665932802472796,3
"Kanem",539.029865059854,1674.4092867538,"2023-04-19",0.646330250331334,3
"Kanem",539.029865059854,1674.4092867538,"2023-04-26",0.652162290300642,3
"Kanem",539.029865059854,1674.4092867538,"2023-05-03",0.65191287449428,3
"Kanem",539.029865059854,1674.4092867538,"2023-05-10",0.652735780988421,3
"Kanem",539.029865059854,1674.4092867538,"2023-05-17",0.660866492135184,3
"Kanem",539.029865059854,1674.4092867538,"2023-05-24",0.660815113612584,3
"Kanem",539.029865059854,1674.4092867538,"2023-05-31",0.654480994088309,3
"Kanem",539.029865059854,1674.4092867538,"2023-06-07",0.650187252589635,3
"Kanem",539.029865059854,1674.4092867538,"2023-06-14",0.657920085362026,3
"Kanem",539.029865059854,1674.4092867538,"2023-06-21",0.639696709769113,3
"Kanem",539.029865059854,1674.4092867538,"2023-06-28",0.62601500919887,3
"Kanem",539.029865059854,1674.4092867538,"2023-07-05",0.638889263698033,3
"Kanem",539.029865059854,1674.4092867538,"2023-07-12",0.652887616838728,3
"Kanem",539.029865059854,1674.4092867538,"2023-07-19",0.654509429931641,3
"Kanem",539.029865059854,1674.4092867538,"2023-07-26",0.656437061854771,3
"Kanem",539.029865059854,1674.4092867538,"2023-08-02",0.647684598650251,3
"Kanem",539.029865059854,1674.4092867538,"2023-08-09",0.635022076198033,3
"Kanem",539.029865059854,1674.4092867538,"2023-08-16",0.618947350638253,3
"Kanem",539.029865059854,1674.4092867538,"2023-08-23",0.618239201136998,3
"Kanem",539.029865059854,1674.4092867538,"2023-08-30",0.627283537728446,3
"Kanem",539.029865059854,1674.4092867538,"2023-09-06",0.622405836922782,3
"Kanem",539.029865059854,1674.4092867538,"2023-09-13",0.625569910321917,3
"Kanem",539.029865059854,1674.4092867538,"2023-09-20",0.634508312770299,3
"Kanem",539.029865059854,1674.4092867538,"2023-09-27",0.631735779898507,3
"Kanem",539.029865059854,1674.4092867538,"2023-10-04",0.62523327418736,3
"Kanem",539.029865059854,1674.4092867538,"2023-10-11",0.632961344037737,3
"Kanem",539.029865059854,1674.4092867538,"2023-10-18",0.650538984026228,3
"Kanem",539.029865059854,1674.4092867538,"2023-10-25",0.650647321428571,3
"Kanem",539.029865059854,1674.4092867538,"2023-11-01",0.64442074911935,3
"Kanem",539.029865059854,1674.4092867538,"2023-11-08",0.653128444126674,3
"Kanem",539.029865059854,1674.4092867538,"2023-11-15",0.662266137259347,3
"Kanem",539.029865059854,1674.4092867538,"2023-11-22",0.672353940691267,3
"Kanem",539.029865059854,1674.4092867538,"2023-11-29",0.664591609409877,3
"Kanem",539.029865059854,1674.4092867538,"2023-12-06",0.655288205827986,3
"Kanem",539.029865059854,1674.4092867538,"2023-12-13",0.655216249738421,3
"Lac",432.810071449388,1510.6787585431,"2022-10-05",0.354781455993652,1
"Lac",432.810071449388,1510.6787585431,"2022-10-12",0.355180337088449,1
"Lac",432.810071449388,1510.6787585431,"2022-10-19",0.365157650538853,1
"Lac",432.810071449388,1510.6787585431,"2022-10-26",0.373592523847308,1
"Lac",432.810071449388,1510.6787585431,"2022-11-02",0.371153994968959,1
"Lac",432.810071449388,1510.6787585431,"2022-11-09",0.362281554085868,1
"Lac",432.810071449388,1510.6787585431,"2022-11-16",0.360518902369908,1
"Lac",432.810071449388,1510.6787585431,"2022-11-23",0.386935495649065,1
"Lac",432.810071449388,1510.6787585431,"2022-11-30",0.393301162719727,1
"Lac",432.810071449388,1510.6787585431,"2022-12-07",0.414015268598284,1
"Lac",432.810071449388,1510.6787585431,"2022-12-14",0.44951050894601,1
"Lac",432.810071449388,1510.6787585431,"2022-12-21",0.469384182521275,1
"Lac",432.810071449388,1510.6787585431,"2022-12-28",0.482790189470564,1
"Lac",432.810071449388,1510.6787585431,"2023-01-04",0.521975217546735,1
"Lac",432.810071449388,1510.6787585431,"2023-01-11",0.540549605233329,1
"Lac",432.810071449388,1510.6787585431,"2023-01-18",0.546482315063477,1
"Lac",432.810071449388,1510.6787585431,"2023-01-25",0.552034023829869,1
"Lac",432.810071449388,1510.6787585431,"2023-02-01",0.568692861284528,1
"Lac",432.810071449388,1510.6787585431,"2023-02-08",0.585268876211984,1
"Lac",432.810071449388,1510.6787585431,"2023-02-15",0.594144646780831,1
"Lac",432.810071449388,1510.6787585431,"2023-02-22",0.590928170340402,1
"Lac",432.810071449388,1510.6787585431,"2023-03-01",0.591742346627372,1
"Lac",432.810071449388,1510.6787585431,"2023-03-08",0.596047537667411,1
"Lac",432.810071449388,1510.6787585431,"2023-03-15",0.57888124193464,1
"Lac",432.810071449388,1510.6787585431,"2023-03-22",0.578662392752511,1
"Lac",432.810071449388,1510.6787585431,"2023-03-29",0.573426878792899,1
"Lac",432.810071449388,1510.6787585431,"2023-04-05",0.543740179879325,1
"Lac",432.810071449388,1510.6787585431,"2023-04-12",0.532964962550572,1
"Lac",432.810071449388,1510.6787585431,"2023-04-19",0.530458570207868,1
"Lac",432.810071449388,1510.6787585431,"2023-04-26",0.522290807451521,1
"Lac",432.810071449388,1510.6787585431,"2023-05-03",0.509406591142927,1
"Lac",432.810071449388,1510.6787585431,"2023-05-10",0.513466464451381,1
"Lac",432.810071449388,1510.6787585431,"2023-05-17",0.527573427472796,1
"Lac",432.810071449388,1510.6787585431,"2023-05-24",0.520207132611956,1
"Lac",432.810071449388,1510.6787585431,"2023-05-31",0.514860899788993,1
"Lac",432.810071449388,1510.6787585431,"2023-06-07",0.510802067347935,1
"Lac",432.810071449388,1510.6787585431,"2023-06-14",0.519319812229701,1
"Lac",432.810071449388,1510.6787585431,"2023-06-21",0.531622630528041,1
"Lac",432.810071449388,1510.6787585431,"2023-06-28",0.556775005885533,1
"Lac",432.810071449388,1510.6787585431,"2023-07-05",0.580450619288853,1
"Lac",432.810071449388,1510.6787585431,"2023-07-12",0.579007126944406,1
"Lac",432.810071449388,1510.6787585431,"2023-07-19",0.58616892678397,1
"Lac",432.810071449388,1510.6787585431,"2023-07-26",0.585514782496861,1
"Lac",432.810071449388,1510.6787585431,"2023-08-02",0.587208905901228,1
"Lac",432.810071449388,1510.6787585431,"2023-08-09",0.588154727390834,1
"Lac",432.810071449388,1510.6787585431,"2023-08-16",0.570072909763881,1
"Lac",432.810071449388,1510.6787585431,"2023-08-23",0.570164331708636,1
"Lac",432.810071449388,1510.6787585431,"2023-08-30",0.562388207571847,1
"Lac",432.810071449388,1510.6787585431,"2023-09-06",0.552666784014021,1
"Lac",432.810071449388,1510.6787585431,"2023-09-13",0.540281873430524,1
"Lac",432.810071449388,1510.6787585431,"2023-09-20",0.542510877336775,1
"Lac",432.810071449388,1510.6787585431,"2023-09-27",0.527875219072614,1
"Lac",432.810071449388,1510.6787585431,"2023-10-04",0.5138691002982,1
"Lac",432.810071449388,1510.6787585431,"2023-10-11",0.504103878566197,1
"Lac",432.810071449388,1510.6787585431,"2023-10-18",0.509232809884208,1
"Lac",432.810071449388,1510.6787585431,"2023-10-25",0.516908149719238,1
"Lac",432.810071449388,1510.6787585431,"2023-11-01",0.522417172023228,1
"Lac",432.810071449388,1510.6787585431,"2023-11-08",0.517663209097726,1
"Lac",432.810071449388,1510.6787585431,"2023-11-15",0.511467982700893,1
"Lac",432.810071449388,1510.6787585431,"2023-11-22",0.519012663705008,1
"Lac",432.810071449388,1510.6787585431,"2023-11-29",0.535822672162737,1
"Lac",432.810071449388,1510.6787585431,"2023-12-06",0.533259419032506,1
"Lac",432.810071449388,1510.6787585431,"2023-12-13",0.539998299734933,1
"Logone Occidental",594.953863345206,968.998488893414,"2022-10-05",0.386663970947266,1
"Logone Occidental",594.953863345206,968.998488893414,"2022-10-12",0.380256958007813,1
"Logone Occidental",594.953863345206,968.998488893414,"2022-10-19",0.374487108503069,1
"Logone Occidental",594.953863345206,968.998488893414,"2022-10-26",0.3562158203125,1
"Logone Occidental",594.953863345206,968.998488893414,"2022-11-02",0.350484749930246,1
"Logone Occidental",594.953863345206,968.998488893414,"2022-11-09",0.361167101178851,1
"Logone Occidental",594.953863345206,968.998488893414,"2022-11-16",0.356600663321359,1
"Logone Occidental",594.953863345206,968.998488893414,"2022-11-23",0.381670979091099,1
"Logone Occidental",594.953863345206,968.998488893414,"2022-11-30",0.408426262991769,1
"Logone Occidental",594.953863345206,968.998488893414,"2022-12-07",0.427829448154994,1
"Logone Occidental",594.953863345206,968.998488893414,"2022-12-14",0.445954845973424,1
"Logone Occidental",594.953863345206,968.998488893414,"2022-12-21",0.483640360151018,1
"Logone Occidental",594.953863345206,968.998488893414,"2022-12-28",0.508500943865095,1
"Logone Occidental",594.953863345206,968.998488893414,"2023-01-04",0.52954532623291,1
"Logone Occidental",594.953863345206,968.998488893414,"2023-01-11",0.550543845040458,1
"Logone Occidental",594.953863345206,968.998488893414,"2023-01-18",0.574232112339565,1
"Logone Occidental",594.953863345206,968.998488893414,"2023-01-25",0.584870659964425,1
"Logone Occidental",594.953863345206,968.998488893414,"2023-02-01",0.604381583077567,1
"Logone Occidental",594.953863345206,968.998488893414,"2023-02-08",0.609142025538853,1
"Logone Occidental",594.953863345206,968.998488893414,"2023-02-15",0.620112277439662,1
"Logone Occidental",594.953863345206,968.998488893414,"2023-02-22",0.614985733032227,1
"Logone Occidental",594.953863345206,968.998488893414,"2023-03-01",0.604043895176479,1
"Logone Occidental",594.953863345206,968.998488893414,"2023-03-08",0.583880718776158,1
"Logone Occidental",594.953863345206,968.998488893414,"2023-03-15",0.57712397984096,1
"Logone Occidental",594.953863345206,968.998488893414,"2023-03-22",0.568839994158064,1
"Logone Occidental",594.953863345206,968.998488893414,"2023-03-29",0.54195976802281,1
"Logone Occidental",594.953863345206,968.998488893414,"2023-04-05",0.527781682695661,1
"Logone Occidental",594.953863345206,968.998488893414,"2023-04-12",0.529751358032227,1
"Logone Occidental",594.953863345206,968.998488893414,"2023-04-19",0.523991497584752,1
"Logone Occidental",594.953863345206,968.998488893414,"2023-04-26",0.504173747471401,1
"Logone Occidental",594.953863345206,968.998488893414,"2023-05-03",0.508937296186175,1
"Logone Occidental",594.953863345206,968.998488893414,"2023-05-10",0.507699503217425,1
"Logone Occidental",594.953863345206,968.998488893414,"2023-05-17",0.50270386832101,1
"Logone Occidental",594.953863345206,968.998488893414,"2023-05-24",0.507628702436175,1
"Logone Occidental",594.953863345206,968.998488893414,"2023-05-31",0.52722280229841,1
"Logone Occidental",594.953863345206,968.998488893414,"2023-06-07",0.53845338003976,1
"Logone Occidental",594.953863345206,968.998488893414,"2023-06-14",0.536468178885324,1
"Logone Occidental",594.953863345206,968.998488893414,"2023-06-21",0.544491996765137,1
"Logone Occidental",594.953863345206,968.998488893414,"2023-06-28",0.564162853785924,1
"Logone Occidental",594.953863345206,968.998488893414,"2023-07-05",0.581825474330357,1
"Logone Occidental",594.953863345206,968.998488893414,"2023-07-12",0.569659516470773,1
"Logone Occidental",594.953863345206,968.998488893414,"2023-07-19",0.577802734375,1
"Logone Occidental",594.953863345206,968.998488893414,"2023-07-26",0.591761240277972,1
"Logone Occidental",594.953863345206,968.998488893414,"2023-08-02",0.58772353036063,1
"Logone Occidental",594.953863345206,968.998488893414,"2023-08-09",0.591594772338867,1
"Logone Occidental",594.953863345206,968.998488893414,"2023-08-16",0.596192801339286,1
"Logone Occidental",594.953863345206,968.998488893414,"2023-08-23",0.584721096583775,1
"Logone Occidental",594.953863345206,968.998488893414,"2023-08-30",0.580089552743094,1
"Logone Occidental",594.953863345206,968.998488893414,"2023-09-06",0.569761199951172,1
"Logone Occidental",594.953863345206,968.998488893414,"2023-09-13",0.570248729160854,1
"Logone Occidental",594.953863345206,968.998488893414,"2023-09-20",0.574013116019113,1
"Logone Occidental",594.953863345206,968.998488893414,"2023-09-27",0.563369859967913,1
"Logone Occidental",594.953863345206,968.998488893414,"2023-10-04",0.549399773733956,1
"Logone Occidental",594.953863345206,968.998488893414,"2023-10-11",0.548568932669503,1
"Logone Occidental",594.953863345206,968.998488893414,"2023-10-18",0.535014882768903,1
"Logone Occidental",594.953863345206,968.998488893414,"2023-10-25",0.530364052908761,1
"Logone Occidental",594.953863345206,968.998488893414,"2023-11-01",0.527801241193499,1
"Logone Occidental",594.953863345206,968.998488893414,"2023-11-08",0.538511701311384,1
"Logone Occidental",594.953863345206,968.998488893414,"2023-11-15",0.544595734732492,1
"Logone Occidental",594.953863345206,968.998488893414,"2023-11-22",0.551110610961914,1
"Logone Occidental",594.953863345206,968.998488893414,"2023-11-29",0.565704427446638,1
"Logone Occidental",594.953863345206,968.998488893414,"2023-12-06",0.579033649989537,1
"Logone Occidental",594.953863345206,968.998488893414,"2023-12-13",0.591576189313616,1
"Logone Oriental",654.949286390499,907.081094933884,"2022-10-05",0.337815475463867,4
"Logone Oriental",654.949286390499,907.081094933884,"2022-10-12",0.331849190848214,4
"Logone Oriental",654.949286390499,907.081094933884,"2022-10-19",0.32352105821882,4
"Logone Oriental",654.949286390499,907.081094933884,"2022-10-26",0.331577856881278,4
"Logone Oriental",654.949286390499,907.081094933884,"2022-11-02",0.322196505410331,4
"Logone Oriental",654.949286390499,907.081094933884,"2022-11-09",0.329728813171387,4
"Logone Oriental",654.949286390499,907.081094933884,"2022-11-16",0.355621452331543,4
"Logone Oriental",654.949286390499,907.081094933884,"2022-11-23",0.388122569492885,4
"Logone Oriental",654.949286390499,907.081094933884,"2022-11-30",0.417964052472796,4
"Logone Oriental",654.949286390499,907.081094933884,"2022-12-07",0.41611015864781,4
"Logone Oriental",654.949286390499,907.081094933884,"2022-12-14",0.445773642403739,4
"Logone Oriental",654.949286390499,907.081094933884,"2022-12-21",0.473426361083984,4
"Logone Oriental",654.949286390499,907.081094933884,"2022-12-28",0.49013986315046,4
"Logone Oriental",654.949286390499,907.081094933884,"2023-01-04",0.508597864423479,4
"Logone Oriental",654.949286390499,907.081094933884,"2023-01-11",0.523916457039969,4
"Logone Oriental",654.949286390499,907.081094933884,"2023-01-18",0.550028506687709,4
"Logone Oriental",654.949286390499,907.081094933884,"2023-01-25",0.561779240199498,4
"Logone Oriental",654.949286390499,907.081094933884,"2023-02-01",0.567232371738979,4
"Logone Oriental",654.949286390499,907.081094933884,"2023-02-08",0.57094799041748,4
"Logone Oriental",654.949286390499,907.081094933884,"2023-02-15",0.557322164263044,4
"Logone Oriental",654.949286390499,907.081094933884,"2023-02-22",0.552019266401018,4
"Logone Oriental",654.949286390499,907.081094933884,"2023-03-01",0.53767100742885,4
"Logone Oriental",654.949286390499,907.081094933884,"2023-03-08",0.548903961181641,4
"Logone Oriental",654.949286390499,907.081094933884,"2023-03-15",0.538491020202637,4
"Logone Oriental",654.949286390499,907.081094933884,"2023-03-22",0.54712279183524,4
"Logone Oriental",654.949286390499,907.081094933884,"2023-03-29",0.549953809465681,4
"Logone Oriental",654.949286390499,907.081094933884,"2023-04-05",0.548094547816685,4
"Logone Oriental",654.949286390499,907.081094933884,"2023-04-12",0.543400246756417,4
"Logone Oriental",654.949286390499,907.081094933884,"2023-04-19",0.533666496276855,4
"Logone Oriental",654.949286390499,907.081094933884,"2023-04-26",0.53282461983817,4
"Logone Oriental",654.949286390499,907.081094933884,"2023-05-03",0.561624755859375,4
"Logone Oriental",654.949286390499,907.081094933884,"2023-05-10",0.585163083757673,4
"Logone Oriental",654.949286390499,907.081094933884,"2023-05-17",0.610820339747838,4
"Logone Oriental",654.949286390499,907.081094933884,"2023-05-24",0.611303253173828,4
"Logone Oriental",654.949286390499,907.081094933884,"2023-05-31",0.611403220040458,4
"Logone Oriental",654.949286390499,907.081094933884,"2023-06-07",0.61607734135219,4
"Logone Oriental",654.949286390499,907.081094933884,"2023-06-14",0.625972197396415,4
"Logone Oriental",654.949286390499,907.081094933884,"2023-06-21",0.61403194972447,4
"Logone Oriental",654.949286390499,907.081094933884,"2023-06-28",0.605378897530692,4
"Logone Oriental",654.949286390499,907.081094933884,"2023-07-05",0.608106585911342,4
"Logone Oriental",654.949286390499,907.081094933884,"2023-07-12",0.620242500305176,4
"Logone Oriental",654.949286390499,907.081094933884,"2023-07-19",0.606594020298549,4
"Logone Oriental",654.949286390499,907.081094933884,"2023-07-26",0.614447975158691,4
"Logone Oriental",654.949286390499,907.081094933884,"2023-08-02",0.605105367388044,4
"Logone Oriental",654.949286390499,907.081094933884,"2023-08-09",0.59672174181257,4
"Logone Oriental",654.949286390499,907.081094933884,"2023-08-16",0.570759702410017,4
"Logone Oriental",654.949286390499,907.081094933884,"2023-08-23",0.563027997698103,4
"Logone Oriental",654.949286390499,907.081094933884,"2023-08-30",0.563206727164132,4
"Logone Oriental",654.949286390499,907.081094933884,"2023-09-06",0.555439246041434,4
"Logone Oriental",654.949286390499,907.081094933884,"2023-09-13",0.55501220703125,4
"Logone Oriental",654.949286390499,907.081094933884,"2023-09-20",0.544650693620954,4
"Logone Oriental",654.949286390499,907.081094933884,"2023-09-27",0.538396508353097,4
"Logone Oriental",654.949286390499,907.081094933884,"2023-10-04",0.516075581141881,4
"Logone Oriental",654.949286390499,907.081094933884,"2023-10-11",0.502049587794713,4
"Logone Oriental",654.949286390499,907.081094933884,"2023-10-18",0.512655497959682,4
"Logone Oriental",654.949286390499,907.081094933884,"2023-10-25",0.507374240330287,4
"Logone Oriental",654.949286390499,907.081094933884,"2023-11-01",0.511800624302455,4
"Logone Oriental",654.949286390499,907.081094933884,"2023-11-08",0.525551474434989,4
"Logone Oriental",654.949286390499,907.081094933884,"2023-11-15",0.549231496538435,4
"Logone Oriental",654.949286390499,907.081094933884,"2023-11-22",0.5598063823155,4
"Logone Oriental",654.949286390499,907.081094933884,"2023-11-29",0.570309192112514,4
"Logone Oriental",654.949286390499,907.081094933884,"2023-12-06",0.567937981741769,4
"Logone Oriental",654.949286390499,907.081094933884,"2023-12-13",0.577233445303781,4
"Mandoul",786.968784854287,961.681259563356,"2022-10-05",0.333405494689941,5
"Mandoul",786.968784854287,961.681259563356,"2022-10-12",0.322398847852434,5
"Mandoul",786.968784854287,961.681259563356,"2022-10-19",0.303280991145543,5
"Mandoul",786.968784854287,961.681259563356,"2022-10-26",0.303923803056989,5
"Mandoul",786.968784854287,961.681259563356,"2022-11-02",0.297257311684745,5
"Mandoul",786.968784854287,961.681259563356,"2022-11-09",0.294938101087298,5
"Mandoul",786.968784854287,961.681259563356,"2022-11-16",0.307288156236921,5
"Mandoul",786.968784854287,961.681259563356,"2022-11-23",0.330474046979632,5
"Mandoul",786.968784854287,961.681259563356,"2022-11-30",0.378007529122489,5
"Mandoul",786.968784854287,961.681259563356,"2022-12-07",0.403871307373047,5
"Mandoul",786.968784854287,961.681259563356,"2022-12-14",0.452250714983259,5
"Mandoul",786.968784854287,961.681259563356,"2022-12-21",0.472568223135812,5
"Mandoul",786.968784854287,961.681259563356,"2022-12-28",0.483212634495326,5
"Mandoul",786.968784854287,961.681259563356,"2023-01-04",0.497951578412737,5
"Mandoul",786.968784854287,961.681259563356,"2023-01-11",0.513371140616281,5
"Mandoul",786.968784854287,961.681259563356,"2023-01-18",0.549165943690709,5
"Mandoul",786.968784854287,961.681259563356,"2023-01-25",0.553842980521066,5
"Mandoul",786.968784854287,961.681259563356,"2023-02-01",0.561279008047921,5
"Mandoul",786.968784854287,961.681259563356,"2023-02-08",0.5603502873012,5
"Mandoul",786.968784854287,961.681259563356,"2023-02-15",0.562333117893764,5
"Mandoul",786.968784854287,961.681259563356,"2023-02-22",0.575873609270368,5
"Mandoul",786.968784854287,961.681259563356,"2023-03-01",0.552187935965402,5
"Mandoul",786.968784854287,961.681259563356,"2023-03-08",0.544224384852818,5
"Mandoul",786.968784854287,961.681259563356,"2023-03-15",0.52184939793178,5
"Mandoul",786.968784854287,961.681259563356,"2023-03-22",0.500564994812012,5
"Mandoul",786.968784854287,961.681259563356,"2023-03-29",0.503063430786133,5
"Mandoul",786.968784854287,961.681259563356,"2023-04-05",0.500018784659249,5
"Mandoul",786.968784854287,961.681259563356,"2023-04-12",0.503548534938267,5
"Mandoul",786.968784854287,961.681259563356,"2023-04-19",0.483803062438965,5
"Mandoul",786.968784854287,961.681259563356,"2023-04-26",0.486283160618373,5
"Mandoul",786.968784854287,961.681259563356,"2023-05-03",0.493320830208915,5
"Mandoul",786.968784854287,961.681259563356,"2023-05-10",0.496725387573242,5
"Mandoul",786.968784854287,961.681259563356,"2023-05-17",0.507603934151786,5
"Mandoul",786.968784854287,961.681259563356,"2023-05-24",0.500513234819685,5
"Mandoul",786.968784854287,961.681259563356,"2023-05-31",0.50465283530099,5
"Mandoul",786.968784854287,961.681259563356,"2023-06-07",0.503077621459961,5
"Mandoul",786.968784854287,961.681259563356,"2023-06-14",0.503970222473144,5
"Mandoul",786.968784854287,961.681259563356,"2023-06-21",0.521085755484445,5
"Mandoul",786.968784854287,961.681259563356,"2023-06-28",0.522217892238072,5
"Mandoul",786.968784854287,961.681259563356,"2023-07-05",0.518776615687779,5
"Mandoul",786.968784854287,961.681259563356,"2023-07-12",0.51921316419329,5
"Mandoul",786.968784854287,961.681259563356,"2023-07-19",0.517557983398438,5
"Mandoul",786.968784854287,961.681259563356,"2023-07-26",0.504856365748814,5
"Mandoul",786.968784854287,961.681259563356,"2023-08-02",0.50680532182966,5
"Mandoul",786.968784854287,961.681259563356,"2023-08-09",0.512591770717076,5
"Mandoul",786.968784854287,961.681259563356,"2023-08-16",0.513180612836565,5
"Mandoul",786.968784854287,961.681259563356,"2023-08-23",0.490923903329032,5
"Mandoul",786.968784854287,961.681259563356,"2023-08-30",0.475678542000907,5
"Mandoul",786.968784854287,961.681259563356,"2023-09-06",0.478011327471052,5
"Mandoul",786.968784854287,961.681259563356,"2023-09-13",0.478760032653809,5
"Mandoul",786.968784854287,961.681259563356,"2023-09-20",0.460149857657296,5
"Mandoul",786.968784854287,961.681259563356,"2023-09-27",0.445805402483259,5
"Mandoul",786.968784854287,961.681259563356,"2023-10-04",0.449451348440988,5
"Mandoul",786.968784854287,961.681259563356,"2023-10-11",0.44192624773298,5
"Mandoul",786.968784854287,961.681259563356,"2023-10-18",0.452095930916922,5
"Mandoul",786.968784854287,961.681259563356,"2023-10-25",0.464526732308524,5
"Mandoul",786.968784854287,961.681259563356,"2023-11-01",0.469249185834612,5
"Mandoul",786.968784854287,961.681259563356,"2023-11-08",0.456597006661551,5
"Mandoul",786.968784854287,961.681259563356,"2023-11-15",0.465348189217704,5
"Mandoul",786.968784854287,961.681259563356,"2023-11-22",0.473326715741839,5
"Mandoul",786.968784854287,961.681259563356,"2023-11-29",0.454547849382673,5
"Mandoul",786.968784854287,961.681259563356,"2023-12-06",0.451217062813895,5
"Mandoul",786.968784854287,961.681259563356,"2023-12-13",0.453407756260463,5
"Mayo Kebbi Est",559.802290306212,1127.20594738516,"2022-10-05",0.292023429870605,1
"Mayo Kebbi Est",559.802290306212,1127.20594738516,"2022-10-12",0.291289185115269,1
"Mayo Kebbi Est",559.802290306212,1127.20594738516,"2022-10-19",0.28208653313773,1
"Mayo Kebbi Est",559.802290306212,1127.20594738516,"2022-10-26",0.290848639351981,1
"Mayo Kebbi Est",559.802290306212,1127.20594738516,"2022-11-02",0.292092113494873,1
"Mayo Kebbi Est",559.802290306212,1127.20594738516,"2022-11-09",0.293594011579241,1
"Mayo Kebbi Est",559.802290306212,1127.20594738516,"2022-11-16",0.294226463862828,1
"Mayo Kebbi Est",559.802290306212,1127.20594738516,"2022-11-23",0.308942140851702,1
"Mayo Kebbi Est",559.802290306212,1127.20594738516,"2022-11-30",0.315951254708426,1
"Mayo Kebbi Est",559.802290306212,1127.20594738516,"2022-12-07",0.335368085588728,1
"Mayo Kebbi Est",559.802290306212,1127.20594738516,"2022-12-14",0.356698673793248,1
"Mayo Kebbi Est",559.802290306212,1127.20594738516,"2022-12-21",0.392499929155622,1
"Mayo Kebbi Est",559.802290306212,1127.20594738516,"2022-12-28",0.428262944902693,1
"Mayo Kebbi Est",559.802290306212,1127.20594738516,"2023-01-04",0.436464620317732,1
"Mayo Kebbi Est",559.802290306212,1127.20594738516,"2023-01-11",0.44034848349435,1
"Mayo Kebbi Est",559.802290306212,1127.20594738516,"2023-01-18",0.46601063319615,1
"Mayo Kebbi Est",559.802290306212,1127.20594738516,"2023-01-25",0.481205733163016,1
"Mayo Kebbi Est",559.802290306212,1127.20594738516,"2023-02-01",0.494704965863909,1
"Mayo Kebbi Est",559.802290306212,1127.20594738516,"2023-02-08",0.50684207371303,1
"Mayo Kebbi Est",559.802290306212,1127.20594738516,"2023-02-15",0.514835586547852,1
"Mayo Kebbi Est",559.802290306212,1127.20594738516,"2023-02-22",0.508895972115653,1
"Mayo Kebbi Est",559.802290306212,1127.20594738516,"2023-03-01",0.502842592511858,1
"Mayo Kebbi Est",559.802290306212,1127.20594738516,"2023-03-08",0.501826373508998,1
"Mayo Kebbi Est",559.802290306212,1127.20594738516,"2023-03-15",0.499592470441546,1
"Mayo Kebbi Est",559.802290306212,1127.20594738516,"2023-03-22",0.500359747750419,1
"Mayo Kebbi Est",559.802290306212,1127.20594738516,"2023-03-29",0.494353872026716,1
"Mayo Kebbi Est",559.802290306212,1127.20594738516,"2023-04-05",0.485398074558803,1
"Mayo Kebbi Est",559.802290306212,1127.20594738516,"2023-04-12",0.476293482099261,1
"Mayo Kebbi Est",559.802290306212,1127.20594738516,"2023-04-19",0.455250483921596,1
"Mayo Kebbi Est",559.802290306212,1127.20594738516,"2023-04-26",0.459077753339495,1
"Mayo Kebbi Est",559.802290306212,1127.20594738516,"2023-05-03",0.466922176906041,1
"Mayo Kebbi Est",559.802290306212,1127.20594738516,"2023-05-10",0.471564145769392,1
"Mayo Kebbi Est",559.802290306212,1127.20594738516,"2023-05-17",0.479227082388742,1
"Mayo Kebbi Est",559.802290306212,1127.20594738516,"2023-05-24",0.482601727076939,1
"Mayo Kebbi Est",559.802290306212,1127.20594738516,"2023-05-31",0.499544296264648,1
"Mayo Kebbi Est",559.802290306212,1127.20594738516,"2023-06-07",0.505685670035226,1
"Mayo Kebbi Est",559.802290306212,1127.20594738516,"2023-06-14",0.503372906276158,1
"Mayo Kebbi Est",559.802290306212,1127.20594738516,"2023-06-21",0.502249205453055,1
"Mayo Kebbi Est",559.802290306212,1127.20594738516,"2023-06-28",0.508835639953613,1
"Mayo Kebbi Est",559.802290306212,1127.20594738516,"2023-07-05",0.530050337655204,1
"Mayo Kebbi Est",559.802290306212,1127.20594738516,"2023-07-12",0.555343676975795,1
"Mayo Kebbi Est",559.802290306212,1127.20594738516,"2023-07-19",0.569454520089286,1
"Mayo Kebbi Est",559.802290306212,1127.20594738516,"2023-07-26",0.573768517630441,1
"Mayo Kebbi Est",559.802290306212,1127.20594738516,"2023-08-02",0.573223146711077,1
"Mayo Kebbi Est",559.802290306212,1127.20594738516,"2023-08-09",0.563155686514718,1
"Mayo Kebbi Est",559.802290306212,1127.20594738516,"2023-08-16",0.553804593767439,1
"Mayo Kebbi Est",559.802290306212,1127.20594738516,"2023-08-23",0.54664605821882,1
"Mayo Kebbi Est",559.802290306212,1127.20594738516,"2023-08-30",0.526825959341867,1
"Mayo Kebbi Est",559.802290306212,1127.20594738516,"2023-09-06",0.518214312962123,1
"Mayo Kebbi Est",559.802290306212,1127.20594738516,"2023-09-13",0.512979540143694,1
"Mayo Kebbi Est",559.802290306212,1127.20594738516,"2023-09-20",0.5046722139631,1
"Mayo Kebbi Est",559.802290306212,1127.20594738516,"2023-09-27",0.507694963727679,1
"Mayo Kebbi Est",559.802290306212,1127.20594738516,"2023-10-04",0.517136851719448,1
"Mayo Kebbi Est",559.802290306212,1127.20594738516,"2023-10-11",0.507895834786551,1
"Mayo Kebbi Est",559.802290306212,1127.20594738516,"2023-10-18",0.486882923671178,1
"Mayo Kebbi Est",559.802290306212,1127.20594738516,"2023-10-25",0.479672012329102,1
"Mayo Kebbi Est",559.802290306212,1127.20594738516,"2023-11-01",0.470099269321987,1
"Mayo Kebbi Est",559.802290306212,1127.20594738516,"2023-11-08",0.470226293291364,1
"Mayo Kebbi Est",559.802290306212,1127.20594738516,"2023-11-15",0.492397777012416,1
"Mayo Kebbi Est",559.802290306212,1127.20594738516,"2023-11-22",0.503810768127441,1
"Mayo Kebbi Est",559.802290306212,1127.20594738516,"2023-11-29",0.512885507856097,1
"Mayo Kebbi Est",559.802290306212,1127.20594738516,"2023-12-06",0.52228343963623,1
"Mayo Kebbi Est",559.802290306212,1127.20594738516,"2023-12-13",0.556467552185059,1
"Mayo Kebbi Ouest",472.477125689749,1032.10756615586,"2022-10-05",0.277999992370606,2
"Mayo Kebbi Ouest",472.477125689749,1032.10756615586,"2022-10-12",0.272904229845319,2
"Mayo Kebbi Ouest",472.477125689749,1032.10756615586,"2022-10-19",0.254874153137207,2
"Mayo Kebbi Ouest",472.477125689749,1032.10756615586,"2022-10-26",0.25936436516898,2
"Mayo Kebbi Ouest",472.477125689749,1032.10756615586,"2022-11-02",0.271198381696429,2
"Mayo Kebbi Ouest",472.477125689749,1032.10756615586,"2022-11-09",0.279374509538923,2
"Mayo Kebbi Ouest",472.477125689749,1032.10756615586,"2022-11-16",0.283716877528599,2
"Mayo Kebbi Ouest",472.477125689749,1032.10756615586,"2022-11-23",0.28989593233381,2
"Mayo Kebbi Ouest",472.477125689749,1032.10756615586,"2022-11-30",0.335203336988177,2
"Mayo Kebbi Ouest",472.477125689749,1032.10756615586,"2022-12-07",0.368990652901786,2
"Mayo Kebbi Ouest",472.477125689749,1032.10756615586,"2022-12-14",0.394357223510742,2
"Mayo Kebbi Ouest",472.477125689749,1032.10756615586,"2022-12-21",0.415502624511719,2
"Mayo Kebbi Ouest",472.477125689749,1032.10756615586,"2022-12-28",0.465789064679827,2
"Mayo Kebbi Ouest",472.477125689749,1032.10756615586,"2023-01-04",0.487466517857143,2
"Mayo Kebbi Ouest",472.477125689749,1032.10756615586,"2023-01-11",0.48404120853969,2
"Mayo Kebbi Ouest",472.477125689749,1032.10756615586,"2023-01-18",0.486780450003488,2
"Mayo Kebbi Ouest",472.477125689749,1032.10756615586,"2023-01-25",0.473138449532645,2
"Mayo Kebbi Ouest",472.477125689749,1032.10756615586,"2023-02-01",0.483969884599958,2
"Mayo Kebbi Ouest",472.477125689749,1032.10756615586,"2023-02-08",0.485155944824219,2
"Mayo Kebbi Ouest",472.477125689749,1032.10756615586,"2023-02-15",0.486573573521205,2
"Mayo Kebbi Ouest",472.477125689749,1032.10756615586,"2023-02-22",0.492955349513463,2
"Mayo Kebbi Ouest",472.477125689749,1032.10756615586,"2023-03-01",0.480761887686593,2
"Mayo Kebbi Ouest",472.477125689749,1032.10756615586,"2023-03-08",0.463999448503767,2
"Mayo Kebbi Ouest",472.477125689749,1032.10756615586,"2023-03-15",0.463978293282645,2
"Mayo Kebbi Ouest",472.477125689749,1032.10756615586,"2023-03-22",0.47412175314767,2
"Mayo Kebbi Ouest",472.477125689749,1032.10756615586,"2023-03-29",0.456345977783203,2
"Mayo Kebbi Ouest",472.477125689749,1032.10756615586,"2023-04-05",0.443783231462751,2
"Mayo Kebbi Ouest",472.477125689749,1032.10756615586,"2023-04-12",0.441865539550781,2
"Mayo Kebbi Ouest",472.477125689749,1032.10756615586,"2023-04-19",0.434181442260742,2
"Mayo Kebbi Ouest",472.477125689749,1032.10756615586,"2023-04-26",0.441007423400879,2
"Mayo Kebbi Ouest",472.477125689749,1032.10756615586,"2023-05-03",0.431023750305176,2
"Mayo Kebbi Ouest",472.477125689749,1032.10756615586,"2023-05-10",0.438923268999372,2
"Mayo Kebbi Ouest",472.477125689749,1032.10756615586,"2023-05-17",0.433754490443639,2
"Mayo Kebbi Ouest",472.477125689749,1032.10756615586,"2023-05-24",0.436354206630162,2
"Mayo Kebbi Ouest",472.477125689749,1032.10756615586,"2023-05-31",0.427863633292062,2
"Mayo Kebbi Ouest",472.477125689749,1032.10756615586,"2023-06-07",0.435989358084542,2
"Mayo Kebbi Ouest",472.477125689749,1032.10756615586,"2023-06-14",0.424490661621094,2
"Mayo Kebbi Ouest",472.477125689749,1032.10756615586,"2023-06-21",0.4228991154262,2
"Mayo Kebbi Ouest",472.477125689749,1032.10756615586,"2023-06-28",0.437349477495466,2
"Mayo Kebbi Ouest",472.477125689749,1032.10756615586,"2023-07-05",0.46317866734096,2
"Mayo Kebbi Ouest",472.477125689749,1032.10756615586,"2023-07-12",0.47523371560233,2
"Mayo Kebbi Ouest",472.477125689749,1032.10756615586,"2023-07-19",0.491064404078892,2
"Mayo Kebbi Ouest",472.477125689749,1032.10756615586,"2023-07-26",0.493400323050363,2
"Mayo Kebbi Ouest",472.477125689749,1032.10756615586,"2023-08-02",0.503425870622907,2
"Mayo Kebbi Ouest",472.477125689749,1032.10756615586,"2023-08-09",0.492455635070801,2
"Mayo Kebbi Ouest",472.477125689749,1032.10756615586,"2023-08-16",0.495750950404576,2
"Mayo Kebbi Ouest",472.477125689749,1032.10756615586,"2023-08-23",0.48855339050293,2
"Mayo Kebbi Ouest",472.477125689749,1032.10756615586,"2023-08-30",0.471061870029995,2
"Mayo Kebbi Ouest",472.477125689749,1032.10756615586,"2023-09-06",0.461514211382185,2
"Mayo Kebbi Ouest",472.477125689749,1032.10756615586,"2023-09-13",0.463777498517718,2
"Mayo Kebbi Ouest",472.477125689749,1032.10756615586,"2023-09-20",0.442182786124093,2
"Mayo Kebbi Ouest",472.477125689749,1032.10756615586,"2023-09-27",0.41669440133231,2
"Mayo Kebbi Ouest",472.477125689749,1032.10756615586,"2023-10-04",0.40626453944615,2
"Mayo Kebbi Ouest",472.477125689749,1032.10756615586,"2023-10-11",0.403931029183524,2
"Mayo Kebbi Ouest",472.477125689749,1032.10756615586,"2023-10-18",0.398074858529227,2
"Mayo Kebbi Ouest",472.477125689749,1032.10756615586,"2023-10-25",0.402649732317243,2
"Mayo Kebbi Ouest",472.477125689749,1032.10756615586,"2023-11-01",0.40755916595459,2
"Mayo Kebbi Ouest",472.477125689749,1032.10756615586,"2023-11-08",0.422290431431362,2
"Mayo Kebbi Ouest",472.477125689749,1032.10756615586,"2023-11-15",0.430460314069475,2
"Mayo Kebbi Ouest",472.477125689749,1032.10756615586,"2023-11-22",0.43677070072719,2
"Mayo Kebbi Ouest",472.477125689749,1032.10756615586,"2023-11-29",0.459713728768485,2
"Mayo Kebbi Ouest",472.477125689749,1032.10756615586,"2023-12-06",0.470943336486816,2
"Mayo Kebbi Ouest",472.477125689749,1032.10756615586,"2023-12-13",0.46828424181257,2
"Ndjamzna",506.591294437418,1340.9828022529,"2022-10-05",0.311016578674316,3
"Ndjamzna",506.591294437418,1340.9828022529,"2022-10-12",0.314303667885917,3
"Ndjamzna",506.591294437418,1340.9828022529,"2022-10-19",0.304156905582973,3
"Ndjamzna",506.591294437418,1340.9828022529,"2022-10-26",0.296999094826835,3
"Ndjamzna",506.591294437418,1340.9828022529,"2022-11-02",0.292761015210833,3
"Ndjamzna",506.591294437418,1340.9828022529,"2022-11-09",0.288702907562256,3
"Ndjamzna",506.591294437418,1340.9828022529,"2022-11-16",0.307489637647356,3
"Ndjamzna",506.591294437418,1340.9828022529,"2022-11-23",0.338447123936244,3
"Ndjamzna",506.591294437418,1340.9828022529,"2022-11-30",0.348897094726562,3
"Ndjamzna",506.591294437418,1340.9828022529,"2022-12-07",0.348541946411133,3
"Ndjamzna",506.591294437418,1340.9828022529,"2022-12-14",0.358636136736189,3
"Ndjamzna",506.591294437418,1340.9828022529,"2022-12-21",0.373121713910784,3
"Ndjamzna",506.591294437418,1340.9828022529,"2022-12-28",0.384507740565709,3
"Ndjamzna",506.591294437418,1340.9828022529,"2023-01-04",0.391800945826939,3
"Ndjamzna",506.591294437418,1340.9828022529,"2023-01-11",0.387376561846052,3
"Ndjamzna",506.591294437418,1340.9828022529,"2023-01-18",0.396202365330287,3
"Ndjamzna",506.591294437418,1340.9828022529,"2023-01-25",0.40196282523019,3
"Ndjamzna",506.591294437418,1340.9828022529,"2023-02-01",0.407973218645368,3
"Ndjamzna",506.591294437418,1340.9828022529,"2023-02-08",0.413663330078125,3
"Ndjamzna",506.591294437418,1340.9828022529,"2023-02-15",0.420653664725167,3
"Ndjamzna",506.591294437418,1340.9828022529,"2023-02-22",0.402747426714216,3
"Ndjamzna",506.591294437418,1340.9828022529,"2023-03-01",0.41340747833252,3
"Ndjamzna",506.591294437418,1340.9828022529,"2023-03-08",0.410652781895229,3
"Ndjamzna",506.591294437418,1340.9828022529,"2023-03-15",0.424985831124442,3
"Ndjamzna",506.591294437418,1340.9828022529,"2023-03-22",0.430017754690988,3
"Ndjamzna",506.591294437418,1340.9828022529,"2023-03-29",0.426732548304967,3
"Ndjamzna",506.591294437418,1340.9828022529,"2023-04-05",0.420525877816337,3
"Ndjamzna",506.591294437418,1340.9828022529,"2023-04-12",0.43873708997454,3
"Ndjamzna",506.591294437418,1340.9828022529,"2023-04-19",0.423637640816825,3
"Ndjamzna",506.591294437418,1340.9828022529,"2023-04-26",0.41558906010219,3
"Ndjamzna",506.591294437418,1340.9828022529,"2023-05-03",0.413479080200195,3
"Ndjamzna",506.591294437418,1340.9828022529,"2023-05-10",0.428147784641811,3
"Ndjamzna",506.591294437418,1340.9828022529,"2023-05-17",0.429345605032785,3
"Ndjamzna",506.591294437418,1340.9828022529,"2023-05-24",0.432909703935896,3
"Ndjamzna",506.591294437418,1340.9828022529,"2023-05-31",0.414394018990653,3
"Ndjamzna",506.591294437418,1340.9828022529,"2023-06-07",0.431161052158901,3
"Ndjamzna",506.591294437418,1340.9828022529,"2023-06-14",0.441334043230329,3
"Ndjamzna",506.591294437418,1340.9828022529,"2023-06-21",0.43693594796317,3
"Ndjamzna",506.591294437418,1340.9828022529,"2023-06-28",0.436560914175851,3
"Ndjamzna",506.591294437418,1340.9828022529,"2023-07-05",0.445340412684849,3
"Ndjamzna",506.591294437418,1340.9828022529,"2023-07-12",0.431686564854213,3
"Ndjamzna",506.591294437418,1340.9828022529,"2023-07-19",0.430757778712681,3
"Ndjamzna",506.591294437418,1340.9828022529,"2023-07-26",0.430541447230748,3
"Ndjamzna",506.591294437418,1340.9828022529,"2023-08-02",0.423123991830008,3
"Ndjamzna",506.591294437418,1340.9828022529,"2023-08-09",0.411506249564035,3
"Ndjamzna",506.591294437418,1340.9828022529,"2023-08-16",0.415184413364955,3
"Ndjamzna",506.591294437418,1340.9828022529,"2023-08-23",0.411238098144531,3
"Ndjamzna",506.591294437418,1340.9828022529,"2023-08-30",0.418925170898438,3
"Ndjamzna",506.591294437418,1340.9828022529,"2023-09-06",0.3933922794887,3
"Ndjamzna",506.591294437418,1340.9828022529,"2023-09-13",0.368297277178083,3
"Ndjamzna",506.591294437418,1340.9828022529,"2023-09-20",0.38081004006522,3
"Ndjamzna",506.591294437418,1340.9828022529,"2023-09-27",0.382907082693917,3
"Ndjamzna",506.591294437418,1340.9828022529,"2023-10-04",0.383864506312779,3
"Ndjamzna",506.591294437418,1340.9828022529,"2023-10-11",0.391600848606655,3
"Ndjamzna",506.591294437418,1340.9828022529,"2023-10-18",0.400217410496303,3
"Ndjamzna",506.591294437418,1340.9828022529,"2023-10-25",0.403650109427316,3
"Ndjamzna",506.591294437418,1340.9828022529,"2023-11-01",0.40138922555106,3
"Ndjamzna",506.591294437418,1340.9828022529,"2023-11-08",0.400041160583496,3
"Ndjamzna",506.591294437418,1340.9828022529,"2023-11-15",0.388248672485352,3
"Ndjamzna",506.591294437418,1340.9828022529,"2023-11-22",0.397032743181501,3
"Ndjamzna",506.591294437418,1340.9828022529,"2023-11-29",0.381139711652483,3
"Ndjamzna",506.591294437418,1340.9828022529,"2023-12-06",0.405481703622001,3
"Ndjamzna",506.591294437418,1340.9828022529,"2023-12-13",0.415845696585519,3
"Ouaddai",1147.33229895303,1464.71862779445,"2022-10-05",0.393520431518555,4
"Ouaddai",1147.33229895303,1464.71862779445,"2022-10-12",0.387268949236189,4
"Ouaddai",1147.33229895303,1464.71862779445,"2022-10-19",0.395166446140834,4
"Ouaddai",1147.33229895303,1464.71862779445,"2022-10-26",0.388640845162528,4
"Ouaddai",1147.33229895303,1464.71862779445,"2022-11-02",0.377997376578195,4
"Ouaddai",1147.33229895303,1464.71862779445,"2022-11-09",0.388228193010603,4
"Ouaddai",1147.33229895303,1464.71862779445,"2022-11-16",0.39303337097168,4
"Ouaddai",1147.33229895303,1464.71862779445,"2022-11-23",0.406153346470424,4
"Ouaddai",1147.33229895303,1464.71862779445,"2022-11-30",0.433815721784319,4
"Ouaddai",1147.33229895303,1464.71862779445,"2022-12-07",0.460266031537737,4
"Ouaddai",1147.33229895303,1464.71862779445,"2022-12-14",0.489561260768345,4
"Ouaddai",1147.33229895303,1464.71862779445,"2022-12-21",0.511249444144113,4
"Ouaddai",1147.33229895303,1464.71862779445,"2022-12-28",0.525657762799944,4
"Ouaddai",1147.33229895303,1464.71862779445,"2023-01-04",0.534369713919503,4
"Ouaddai",1147.33229895303,1464.71862779445,"2023-01-11",0.547972591945103,4
"Ouaddai",1147.33229895303,1464.71862779445,"2023-01-18",0.572273777553013,4
"Ouaddai",1147.33229895303,1464.71862779445,"2023-01-25",0.571517764500209,4
"Ouaddai",1147.33229895303,1464.71862779445,"2023-02-01",0.599632895333426,4
"Ouaddai",1147.33229895303,1464.71862779445,"2023-02-08",0.604260689871652,4
"Ouaddai",1147.33229895303,1464.71862779445,"2023-02-15",0.629247861589704,4
"Ouaddai",1147.33229895303,1464.71862779445,"2023-02-22",0.637770658220564,4
"Ouaddai",1147.33229895303,1464.71862779445,"2023-03-01",0.64060925074986,4
"Ouaddai",1147.33229895303,1464.71862779445,"2023-03-08",0.628830898829869,4
"Ouaddai",1147.33229895303,1464.71862779445,"2023-03-15",0.608259604317801,4
"Ouaddai",1147.33229895303,1464.71862779445,"2023-03-22",0.610120375497001,4
"Ouaddai",1147.33229895303,1464.71862779445,"2023-03-29",0.626154370989118,4
"Ouaddai",1147.33229895303,1464.71862779445,"2023-04-05",0.632570762634277,4
"Ouaddai",1147.33229895303,1464.71862779445,"2023-04-12",0.605745735168457,4
"Ouaddai",1147.33229895303,1464.71862779445,"2023-04-19",0.580632051740374,4
"Ouaddai",1147.33229895303,1464.71862779445,"2023-04-26",0.590513082231794,4
"Ouaddai",1147.33229895303,1464.71862779445,"2023-05-03",0.587870777675084,4
"Ouaddai",1147.33229895303,1464.71862779445,"2023-05-10",0.603159326825823,4
"Ouaddai",1147.33229895303,1464.71862779445,"2023-05-17",0.592868134634835,4
"Ouaddai",1147.33229895303,1464.71862779445,"2023-05-24",0.60269342150007,4
"Ouaddai",1147.33229895303,1464.71862779445,"2023-05-31",0.598713825770787,4
"Ouaddai",1147.33229895303,1464.71862779445,"2023-06-07",0.602196459089007,4
"Ouaddai",1147.33229895303,1464.71862779445,"2023-06-14",0.617364076886858,4
"Ouaddai",1147.33229895303,1464.71862779445,"2023-06-21",0.612428959437779,4
"Ouaddai",1147.33229895303,1464.71862779445,"2023-06-28",0.6139801297869,4
"Ouaddai",1147.33229895303,1464.71862779445,"2023-07-05",0.615542068481445,4
"Ouaddai",1147.33229895303,1464.71862779445,"2023-07-12",0.635668215070452,4
"Ouaddai",1147.33229895303,1464.71862779445,"2023-07-19",0.644861995152065,4
"Ouaddai",1147.33229895303,1464.71862779445,"2023-07-26",0.641053570338658,4
"Ouaddai",1147.33229895303,1464.71862779445,"2023-08-02",0.66250490461077,4
"Ouaddai",1147.33229895303,1464.71862779445,"2023-08-09",0.660267617361886,4
"Ouaddai",1147.33229895303,1464.71862779445,"2023-08-16",0.668143888201032,4
"Ouaddai",1147.33229895303,1464.71862779445,"2023-08-23",0.64052785055978,4
"Ouaddai",1147.33229895303,1464.71862779445,"2023-08-30",0.640750596182687,4
"Ouaddai",1147.33229895303,1464.71862779445,"2023-09-06",0.643326056344169,4
"Ouaddai",1147.33229895303,1464.71862779445,"2023-09-13",0.63870367867606,4
"Ouaddai",1147.33229895303,1464.71862779445,"2023-09-20",0.629919924054827,4
"Ouaddai",1147.33229895303,1464.71862779445,"2023-09-27",0.620663414001465,4
"Ouaddai",1147.33229895303,1464.71862779445,"2023-10-04",0.62510977608817,4
"Ouaddai",1147.33229895303,1464.71862779445,"2023-10-11",0.631761174883161,4
"Ouaddai",1147.33229895303,1464.71862779445,"2023-10-18",0.635471888950893,4
"Ouaddai",1147.33229895303,1464.71862779445,"2023-10-25",0.639340090070452,4
"Ouaddai",1147.33229895303,1464.71862779445,"2023-11-01",0.612286284310477,4
"Ouaddai",1147.33229895303,1464.71862779445,"2023-11-08",0.612999529157366,4
"Ouaddai",1147.33229895303,1464.71862779445,"2023-11-15",0.607549754551479,4
"Ouaddai",1147.33229895303,1464.71862779445,"2023-11-22",0.621724428449358,4
"Ouaddai",1147.33229895303,1464.71862779445,"2023-11-29",0.617937207903181,4
"Ouaddai",1147.33229895303,1464.71862779445,"2023-12-06",0.62358349936349,4
"Ouaddai",1147.33229895303,1464.71862779445,"2023-12-13",0.624671734401158,4
"Salamat",1111.11604760846,1200.35104332788,"2022-10-05",0.366810340881348,2
"Salamat",1111.11604760846,1200.35104332788,"2022-10-12",0.367126655578613,2
"Salamat",1111.11604760846,1200.35104332788,"2022-10-19",0.385677719116211,2
"Salamat",1111.11604760846,1200.35104332788,"2022-10-26",0.399219529288156,2
"Salamat",1111.11604760846,1200.35104332788,"2022-11-02",0.402065892900739,2
"Salamat",1111.11604760846,1200.35104332788,"2022-11-09",0.381146076747349,2
"Salamat",1111.11604760846,1200.35104332788,"2022-11-16",0.372997627258301,2
"Salamat",1111.11604760846,1200.35104332788,"2022-11-23",0.397740315028599,2
"Salamat",1111.11604760846,1200.35104332788,"2022-11-30",0.404073878696987,2
"Salamat",1111.11604760846,1200.35104332788,"2022-12-07",0.401301781790597,2
"Salamat",1111.11604760846,1200.35104332788,"2022-12-14",0.413060749598912,2
"Salamat",1111.11604760846,1200.35104332788,"2022-12-21",0.433235419137137,2
"Salamat",1111.11604760846,1200.35104332788,"2022-12-28",0.440904938834054,2
"Salamat",1111.11604760846,1200.35104332788,"2023-01-04",0.443534436907087,2
"Salamat",1111.11604760846,1200.35104332788,"2023-01-11",0.448579357692174,2
"Salamat",1111.11604760846,1200.35104332788,"2023-01-18",0.464858894348144,2
"Salamat",1111.11604760846,1200.35104332788,"2023-01-25",0.482771442958287,2
"Salamat",1111.11604760846,1200.35104332788,"2023-02-01",0.51233891078404,2
"Salamat",1111.11604760846,1200.35104332788,"2023-02-08",0.559319316319057,2
"Salamat",1111.11604760846,1200.35104332788,"2023-02-15",0.571189962114607,2
"Salamat",1111.11604760846,1200.35104332788,"2023-02-22",0.571741861615862,2
"Salamat",1111.11604760846,1200.35104332788,"2023-03-01",0.577960019792829,2
"Salamat",1111.11604760846,1200.35104332788,"2023-03-08",0.596213831220354,2
"Salamat",1111.11604760846,1200.35104332788,"2023-03-15",0.592100999014718,2
"Salamat",1111.11604760846,1200.35104332788,"2023-03-22",0.599154161725725,2
"Salamat",1111.11604760846,1200.35104332788,"2023-03-29",0.603210596357073,2
"Salamat",1111.11604760846,1200.35104332788,"2023-04-05",0.600300429207938,2
"Salamat",1111.11604760846,1200.35104332788,"2023-04-12",0.593491259983608,2
"Salamat",1111.11604760846,1200.35104332788,"2023-04-19",0.580586057390486,2
"Salamat",1111.11604760846,1200.35104332788,"2023-04-26",0.571742422921317,2
"Salamat",1111.11604760846,1200.35104332788,"2023-05-03",0.571662167140416,2
"Salamat",1111.11604760846,1200.35104332788,"2023-05-10",0.560261786324637,2
"Salamat",1111.11604760846,1200.35104332788,"2023-05-17",0.56116934640067,2
"Salamat",1111.11604760846,1200.35104332788,"2023-05-24",0.557688778468541,2
"Salamat",1111.11604760846,1200.35104332788,"2023-05-31",0.55214841570173,2
"Salamat",1111.11604760846,1200.35104332788,"2023-06-07",0.547653470720564,2
"Salamat",1111.11604760846,1200.35104332788,"2023-06-14",0.545482183183943,2
"Salamat",1111.11604760846,1200.35104332788,"2023-06-21",0.524133469717843,2
"Salamat",1111.11604760846,1200.35104332788,"2023-06-28",0.51687381199428,2
"Salamat",1111.11604760846,1200.35104332788,"2023-07-05",0.536317329406738,2
"Salamat",1111.11604760846,1200.35104332788,"2023-07-12",0.537856794084821,2
"Salamat",1111.11604760846,1200.35104332788,"2023-07-19",0.540364287240165,2
"Salamat",1111.11604760846,1200.35104332788,"2023-07-26",0.540885413033622,2
"Salamat",1111.11604760846,1200.35104332788,"2023-08-02",0.52821970803397,2
"Salamat",1111.11604760846,1200.35104332788,"2023-08-09",0.527278633117676,2
"Salamat",1111.11604760846,1200.35104332788,"2023-08-16",0.53522157396589,2
"Salamat",1111.11604760846,1200.35104332788,"2023-08-23",0.52952262878418,2
"Salamat",1111.11604760846,1200.35104332788,"2023-08-30",0.534959264482771,2
"Salamat",1111.11604760846,1200.35104332788,"2023-09-06",0.533920576913016,2
"Salamat",1111.11604760846,1200.35104332788,"2023-09-13",0.53601450238909,2
"Salamat",1111.11604760846,1200.35104332788,"2023-09-20",0.537487574986049,2
"Salamat",1111.11604760846,1200.35104332788,"2023-09-27",0.548670725141253,2
"Salamat",1111.11604760846,1200.35104332788,"2023-10-04",0.551004295349121,2
"Salamat",1111.11604760846,1200.35104332788,"2023-10-11",0.555585790361677,2
"Salamat",1111.11604760846,1200.35104332788,"2023-10-18",0.569739576067243,2
"Salamat",1111.11604760846,1200.35104332788,"2023-10-25",0.561389318193708,2
"Salamat",1111.11604760846,1200.35104332788,"2023-11-01",0.564575358799526,2
"Salamat",1111.11604760846,1200.35104332788,"2023-11-08",0.563058242797852,2
"Salamat",1111.11604760846,1200.35104332788,"2023-11-15",0.563953078133719,2
"Salamat",1111.11604760846,1200.35104332788,"2023-11-22",0.573230514526367,2
"Salamat",1111.11604760846,1200.35104332788,"2023-11-29",0.573905187334333,2
"Salamat",1111.11604760846,1200.35104332788,"2023-12-06",0.576053428649902,2
"Salamat",1111.11604760846,1200.35104332788,"2023-12-13",0.576746831621443,2
"Sila",1250.78673909203,1349.16587894166,"2022-10-05",0.401690902709961,3
"Sila",1250.78673909203,1349.16587894166,"2022-10-12",0.410023787362235,3
"Sila",1250.78673909203,1349.16587894166,"2022-10-19",0.429678213936942,3
"Sila",1250.78673909203,1349.16587894166,"2022-10-26",0.412834974016462,3
"Sila",1250.78673909203,1349.16587894166,"2022-11-02",0.402270268031529,3
"Sila",1250.78673909203,1349.16587894166,"2022-11-09",0.412302360534668,3
"Sila",1250.78673909203,1349.16587894166,"2022-11-16",0.414135965619768,3
"Sila",1250.78673909203,1349.16587894166,"2022-11-23",0.438260732378279,3
"Sila",1250.78673909203,1349.16587894166,"2022-11-30",0.470911549159459,3
"Sila",1250.78673909203,1349.16587894166,"2022-12-07",0.492643105643136,3
"Sila",1250.78673909203,1349.16587894166,"2022-12-14",0.53119864327567,3
"Sila",1250.78673909203,1349.16587894166,"2022-12-21",0.55492686680385,3
"Sila",1250.78673909203,1349.16587894166,"2022-12-28",0.567142922537667,3
"Sila",1250.78673909203,1349.16587894166,"2023-01-04",0.575940551757813,3
"Sila",1250.78673909203,1349.16587894166,"2023-01-11",0.594253512791225,3
"Sila",1250.78673909203,1349.16587894166,"2023-01-18",0.616667098999023,3
"Sila",1250.78673909203,1349.16587894166,"2023-01-25",0.636703213282994,3
"Sila",1250.78673909203,1349.16587894166,"2023-02-01",0.657457057407924,3
"Sila",1250.78673909203,1349.16587894166,"2023-02-08",0.666897419520787,3
"Sila",1250.78673909203,1349.16587894166,"2023-02-15",0.659569386073521,3
"Sila",1250.78673909203,1349.16587894166,"2023-02-22",0.647693274361747,3
"Sila",1250.78673909203,1349.16587894166,"2023-03-01",0.653783809116908,3
"Sila",1250.78673909203,1349.16587894166,"2023-03-08",0.6653443472726,3
"Sila",1250.78673909203,1349.16587894166,"2023-03-15",0.669322302682059,3
"Sila",1250.78673909203,1349.16587894166,"2023-03-22",0.674619347708566,3
"Sila",1250.78673909203,1349.16587894166,"2023-03-29",0.684319643293108,3
"Sila",1250.78673909203,1349.16587894166,"2023-04-05",0.654974381583078,3
"Sila",1250.78673909203,1349.16587894166,"2023-04-12",0.619887030465262,3
"Sila",1250.78673909203,1349.16587894166,"2023-04-19",0.598443608965193,3
"Sila",1250.78673909203,1349.16587894166,"2023-04-26",0.584808355058943,3
"Sila",1250.78673909203,1349.16587894166,"2023-05-03",0.600342287336077,3
"Sila",1250.78673909203,1349.16587894166,"2023-05-10",0.615064893450056,3
"Sila",1250.78673909203,1349.16587894166,"2023-05-17",0.624292493547712,3
"Sila",1250.78673909203,1349.16587894166,"2023-05-24",0.632752222333636,3
"Sila",1250.78673909203,1349.16587894166,"2023-05-31",0.639402264186314,3
"Sila",1250.78673909203,1349.16587894166,"2023-06-07",0.637524757385254,3
"Sila",1250.78673909203,1349.16587894166,"2023-06-14",0.625933690752302,3
"Sila",1250.78673909203,1349.16587894166,"2023-06-21",0.627933131626674,3
"Sila",1250.78673909203,1349.16587894166,"2023-06-28",0.631955855233329,3
"Sila",1250.78673909203,1349.16587894166,"2023-07-05",0.674777396065848,3
"Sila",1250.78673909203,1349.16587894166,"2023-07-12",0.700210898263114,3
"Sila",1250.78673909203,1349.16587894166,"2023-07-19",0.724343043736049,3
"Sila",1250.78673909203,1349.16587894166,"2023-07-26",0.733817552839007,3
"Sila",1250.78673909203,1349.16587894166,"2023-08-02",0.73777834211077,3
"Sila",1250.78673909203,1349.16587894166,"2023-08-09",0.728590393066406,3
"Sila",1250.78673909203,1349.16587894166,"2023-08-16",0.727946472167969,3
"Sila",1250.78673909203,1349.16587894166,"2023-08-23",0.704534181867327,3
"Sila",1250.78673909203,1349.16587894166,"2023-08-30",0.683626534598214,3
"Sila",1250.78673909203,1349.16587894166,"2023-09-06",0.687386343819754,3
"Sila",1250.78673909203,1349.16587894166,"2023-09-13",0.684031295776367,3
"Sila",1250.78673909203,1349.16587894166,"2023-09-20",0.664267305646624,3
"Sila",1250.78673909203,1349.16587894166,"2023-09-27",0.65688711983817,3
"Sila",1250.78673909203,1349.16587894166,"2023-10-04",0.652990548270089,3
"Sila",1250.78673909203,1349.16587894166,"2023-10-11",0.648145217895508,3
"Sila",1250.78673909203,1349.16587894166,"2023-10-18",0.646142926897321,3
"Sila",1250.78673909203,1349.16587894166,"2023-10-25",0.642456283569336,3
"Sila",1250.78673909203,1349.16587894166,"2023-11-01",0.608410099574498,3
"Sila",1250.78673909203,1349.16587894166,"2023-11-08",0.613949879237584,3
"Sila",1250.78673909203,1349.16587894166,"2023-11-15",0.610720536368234,3
"Sila",1250.78673909203,1349.16587894166,"2023-11-22",0.624912943158831,3
"Sila",1250.78673909203,1349.16587894166,"2023-11-29",0.641440914699009,3
"Sila",1250.78673909203,1349.16587894166,"2023-12-06",0.644320537022182,3
"Sila",1250.78673909203,1349.16587894166,"2023-12-13",0.642571765354702,3
"Tandjile",662.57768394621,1054.73991918508,"2022-10-05",0.286734466552734,5
"Tandjile",662.57768394621,1054.73991918508,"2022-10-12",0.284640058789934,5
"Tandjile",662.57768394621,1054.73991918508,"2022-10-19",0.264918248312814,5
"Tandjile",662.57768394621,1054.73991918508,"2022-10-26",0.263877116612026,5
"Tandjile",662.57768394621,1054.73991918508,"2022-11-02",0.253559665679932,5
"Tandjile",662.57768394621,1054.73991918508,"2022-11-09",0.252628645215716,5
"Tandjile",662.57768394621,1054.73991918508,"2022-11-16",0.274197782788958,5
"Tandjile",662.57768394621,1054.73991918508,"2022-11-23",0.300159467969622,5
"Tandjile",662.57768394621,1054.73991918508,"2022-11-30",0.309969351632254,5
"Tandjile",662.57768394621,1054.73991918508,"2022-12-07",0.326312879834856,5
"Tandjile",662.57768394621,1054.73991918508,"2022-12-14",0.322927742004395,5
"Tandjile",662.57768394621,1054.73991918508,"2022-12-21",0.346401002066476,5
"Tandjile",662.57768394621,1054.73991918508,"2022-12-28",0.375138075692313,5
"Tandjile",662.57768394621,1054.73991918508,"2023-01-04",0.39939503805978,5
"Tandjile",662.57768394621,1054.73991918508,"2023-01-11",0.409452857971191,5
"Tandjile",662.57768394621,1054.73991918508,"2023-01-18",0.456127406529018,5
"Tandjile",662.57768394621,1054.73991918508,"2023-01-25",0.473184585571289,5
"Tandjile",662.57768394621,1054.73991918508,"2023-02-01",0.489725227355957,5
"Tandjile",662.57768394621,1054.73991918508,"2023-02-08",0.520251497541155,5
"Tandjile",662.57768394621,1054.73991918508,"2023-02-15",0.537654244559152,5
"Tandjile",662.57768394621,1054.73991918508,"2023-02-22",0.551891021728516,5
"Tandjile",662.57768394621,1054.73991918508,"2023-03-01",0.563045910426549,5
"Tandjile",662.57768394621,1054.73991918508,"2023-03-08",0.557593013218471,5
"Tandjile",662.57768394621,1054.73991918508,"2023-03-15",0.567538670131138,5
"Tandjile",662.57768394621,1054.73991918508,"2023-03-22",0.567289303370884,5
"Tandjile",662.57768394621,1054.73991918508,"2023-03-29",0.556892057146345,5
"Tandjile",662.57768394621,1054.73991918508,"2023-04-05",0.545104702540806,5
"Tandjile",662.57768394621,1054.73991918508,"2023-04-12",0.548378279549735,5
"Tandjile",662.57768394621,1054.73991918508,"2023-04-19",0.505146533421108,5
"Tandjile",662.57768394621,1054.73991918508,"2023-04-26",0.494758633204869,5
"Tandjile",662.57768394621,1054.73991918508,"2023-05-03",0.492828211103167,5
"Tandjile",662.57768394621,1054.73991918508,"2023-05-10",0.490444750104632,5
"Tandjile",662.57768394621,1054.73991918508,"2023-05-17",0.492822102137974,5
"Tandjile",662.57768394621,1054.73991918508,"2023-05-24",0.491578260149275,5
"Tandjile",662.57768394621,1054.73991918508,"2023-05-31",0.509130047389439,5
"Tandjile",662.57768394621,1054.73991918508,"2023-06-07",0.520867483956473,5
"Tandjile",662.57768394621,1054.73991918508,"2023-06-14",0.510184386117118,5
"Tandjile",662.57768394621,1054.73991918508,"2023-06-21",0.500898061479841,5
"Tandjile",662.57768394621,1054.73991918508,"2023-06-28",0.504041508265904,5
"Tandjile",662.57768394621,1054.73991918508,"2023-07-05",0.518611341203962,5
"Tandjile",662.57768394621,1054.73991918508,"2023-07-12",0.522258584158761,5
"Tandjile",662.57768394621,1054.73991918508,"2023-07-19",0.550236936296736,5
"Tandjile",662.57768394621,1054.73991918508,"2023-07-26",0.554495015825544,5
"Tandjile",662.57768394621,1054.73991918508,"2023-08-02",0.557432022094727,5
"Tandjile",662.57768394621,1054.73991918508,"2023-08-09",0.547899987357003,5
"Tandjile",662.57768394621,1054.73991918508,"2023-08-16",0.530489480154855,5
"Tandjile",662.57768394621,1054.73991918508,"2023-08-23",0.523228536333357,5
"Tandjile",662.57768394621,1054.73991918508,"2023-08-30",0.50252672467913,5
"Tandjile",662.57768394621,1054.73991918508,"2023-09-06",0.484435697283064,5
"Tandjile",662.57768394621,1054.73991918508,"2023-09-13",0.47723087310791,5
"Tandjile",662.57768394621,1054.73991918508,"2023-09-20",0.482027424403599,5
"Tandjile",662.57768394621,1054.73991918508,"2023-09-27",0.478400720868792,5
"Tandjile",662.57768394621,1054.73991918508,"2023-10-04",0.488977492196219,5
"Tandjile",662.57768394621,1054.73991918508,"2023-10-11",0.486735551016671,5
"Tandjile",662.57768394621,1054.73991918508,"2023-10-18",0.503579308646066,5
"Tandjile",662.57768394621,1054.73991918508,"2023-10-25",0.521821648733956,5
"Tandjile",662.57768394621,1054.73991918508,"2023-11-01",0.531183891296387,5
"Tandjile",662.57768394621,1054.73991918508,"2023-11-08",0.553389102390834,5
"Tandjile",662.57768394621,1054.73991918508,"2023-11-15",0.553634975978306,5
"Tandjile",662.57768394621,1054.73991918508,"2023-11-22",0.546763174874442,5
"Tandjile",662.57768394621,1054.73991918508,"2023-11-29",0.547085462297712,5
"Tandjile",662.57768394621,1054.73991918508,"2023-12-06",0.556463661193848,5
"Tandjile",662.57768394621,1054.73991918508,"2023-12-13",0.55892591203962,5
"Wadi Fira",1198.06341551843,1668.01681135911,"2022-10-05",0.378797416687012,5
"Wadi Fira",1198.06341551843,1668.01681135911,"2022-10-12",0.395649926321847,5
"Wadi Fira",1198.06341551843,1668.01681135911,"2022-10-19",0.408980276925223,5
"Wadi Fira",1198.06341551843,1668.01681135911,"2022-10-26",0.406351514543806,5
"Wadi Fira",1198.06341551843,1668.01681135911,"2022-11-02",0.406533960614886,5
"Wadi Fira",1198.06341551843,1668.01681135911,"2022-11-09",0.42250499180385,5
"Wadi Fira",1198.06341551843,1668.01681135911,"2022-11-16",0.422779219491141,5
"Wadi Fira",1198.06341551843,1668.01681135911,"2022-11-23",0.453613019670759,5
"Wadi Fira",1198.06341551843,1668.01681135911,"2022-11-30",0.492269532339913,5
"Wadi Fira",1198.06341551843,1668.01681135911,"2022-12-07",0.513911552429199,5
"Wadi Fira",1198.06341551843,1668.01681135911,"2022-12-14",0.52864988054548,5
"Wadi Fira",1198.06341551843,1668.01681135911,"2022-12-21",0.550422085353306,5
"Wadi Fira",1198.06341551843,1668.01681135911,"2022-12-28",0.591642156328474,5
"Wadi Fira",1198.06341551843,1668.01681135911,"2023-01-04",0.613890527997698,5
"Wadi Fira",1198.06341551843,1668.01681135911,"2023-01-11",0.624348956516811,5
"Wadi Fira",1198.06341551843,1668.01681135911,"2023-01-18",0.631096823556083,5
"Wadi Fira",1198.06341551843,1668.01681135911,"2023-01-25",0.643900571550642,5
"Wadi Fira",1198.06341551843,1668.01681135911,"2023-02-01",0.670080206734794,5
"Wadi Fira",1198.06341551843,1668.01681135911,"2023-02-08",0.681526293073382,5
"Wadi Fira",1198.06341551843,1668.01681135911,"2023-02-15",0.703281086512974,5
"Wadi Fira",1198.06341551843,1668.01681135911,"2023-02-22",0.704478509085519,5
"Wadi Fira",1198.06341551843,1668.01681135911,"2023-03-01",0.692973229544503,5
"Wadi Fira",1198.06341551843,1668.01681135911,"2023-03-08",0.678479919433594,5
"Wadi Fira",1198.06341551843,1668.01681135911,"2023-03-15",0.69060430254255,5
"Wadi Fira",1198.06341551843,1668.01681135911,"2023-03-22",0.696975947788783,5
"Wadi Fira",1198.06341551843,1668.01681135911,"2023-03-29",0.693104357038225,5
"Wadi Fira",1198.06341551843,1668.01681135911,"2023-04-05",0.685652749197824,5
"Wadi Fira",1198.06341551843,1668.01681135911,"2023-04-12",0.672306562151228,5
"Wadi Fira",1198.06341551843,1668.01681135911,"2023-04-19",0.640820535932268,5
"Wadi Fira",1198.06341551843,1668.01681135911,"2023-04-26",0.626266550336565,5
"Wadi Fira",1198.06341551843,1668.01681135911,"2023-05-03",0.625404303414481,5
"Wadi Fira",1198.06341551843,1668.01681135911,"2023-05-10",0.626937784467425,5
"Wadi Fira",1198.06341551843,1668.01681135911,"2023-05-17",0.6184638268607,5
"Wadi Fira",1198.06341551843,1668.01681135911,"2023-05-24",0.615856835501535,5
"Wadi Fira",1198.06341551843,1668.01681135911,"2023-05-31",0.621078703744071,5
"Wadi Fira",1198.06341551843,1668.01681135911,"2023-06-07",0.631700815473284,5
"Wadi Fira",1198.06341551843,1668.01681135911,"2023-06-14",0.627512653895787,5
"Wadi Fira",1198.06341551843,1668.01681135911,"2023-06-21",0.622729563031878,5
"Wadi Fira",1198.06341551843,1668.01681135911,"2023-06-28",0.620306331089565,5
"Wadi Fira",1198.06341551843,1668.01681135911,"2023-07-05",0.636682314191546,5
"Wadi Fira",1198.06341551843,1668.01681135911,"2023-07-12",0.654171011788504,5
"Wadi Fira",1198.06341551843,1668.01681135911,"2023-07-19",0.690468401227679,5
"Wadi Fira",1198.06341551843,1668.01681135911,"2023-07-26",0.705912562779018,5
"Wadi Fira",1198.06341551843,1668.01681135911,"2023-08-02",0.714994201660156,5
"Wadi Fira",1198.06341551843,1668.01681135911,"2023-08-09",0.723890271868025,5
"Wadi Fira",1198.06341551843,1668.01681135911,"2023-08-16",0.731905048915318,5
"Wadi Fira",1198.06341551843,1668.01681135911,"2023-08-23",0.719562312534877,5
"Wadi Fira",1198.06341551843,1668.01681135911,"2023-08-30",0.708092150006975,5
"Wadi Fira",1198.06341551843,1668.01681135911,"2023-09-06",0.696829419817243,5
"Wadi Fira",1198.06341551843,1668.01681135911,"2023-09-13",0.686596919468471,5
"Wadi Fira",1198.06341551843,1668.01681135911,"2023-09-20",0.685204358782087,5
"Wadi Fira",1198.06341551843,1668.01681135911,"2023-09-27",0.690541839599609,5
"Wadi Fira",1198.06341551843,1668.01681135911,"2023-10-04",0.687214627947126,5
"Wadi Fira",1198.06341551843,1668.01681135911,"2023-10-11",0.669384841918945,5
"Wadi Fira",1198.06341551843,1668.01681135911,"2023-10-18",0.675080424717494,5
"Wadi Fira",1198.06341551843,1668.01681135911,"2023-10-25",0.678295495169503,5
"Wadi Fira",1198.06341551843,1668.01681135911,"2023-11-01",0.666880907331194,5
"Wadi Fira",1198.06341551843,1668.01681135911,"2023-11-08",0.648690888541085,5
"Wadi Fira",1198.06341551843,1668.01681135911,"2023-11-15",0.643518872942243,5
"Wadi Fira",1198.06341551843,1668.01681135911,"2023-11-22",0.655653435843331,5
"Wadi Fira",1198.06341551843,1668.01681135911,"2023-11-29",0.655242091587612,5
"Wadi Fira",1198.06341551843,1668.01681135911,"2023-12-06",0.649727074759347,5
"Wadi Fira",1198.06341551843,1668.01681135911,"2023-12-13",0.646394686017718,5
